,word,count
0,что,151
1,это,88
2,как,75
3,Петр,62
4,его,60
5,Вайль,59
6,августа,48
7,все,45
8,так,38
9,Все,35
10,или,32
11,для,30
12,только,30
13,Как,29
14,она,28
15,чтобы,26
16,Это,26
17,России,24
18,есть,24
19,всех,24
20,Кристи,23
21,материалы,22
22,Диккенса,21
23,Что,21
24,мне,20
25,Писатель,20
26,детектив,19
27,Эдвина,19
28,Друда,19
29,Культура,19
30,без,19
31,фильм,19
32,роман,18
33,очень,18
34,они,18
35,который,18
36,Диккенс,17
37,самом,17
38,еще,17
39,почему,17
40,может,17
41,после,17
42,Экройда,17
43,сайта,16
44,был,16
45,потому,16
46,всего,16
47,уже,16
48,этого,16
49,будет,15
50,именно,15
51,было,15
52,человек,15
53,Пуаро,15
54,смотрите,15
55,Тайна,14
56,том,14
57,нет,14
58,деле,14
59,чем,14
60,всегда,14
61,новости,14
62,Роджера,14
63,Однако,14
64,Дмитрий,13
65,Всего,13
66,века,13
67,время,13
68,нас,13
69,меня,13
70,Убийство,13
71,если,12
72,Эдвин,12
73,него,12
74,Вот,12
75,дело,12
76,совершенно,12
77,раз,12
78,мира,12
79,жизни,12
80,Сегодня,12
81,кино,12
82,Быков,11
83,книги,11
84,под,11
85,Поиск,11
86,Новости,11
87,лучшим,11
88,этот,11
89,стоит,11
90,тоже,11
91,вот,11
92,когда,11
93,просмотров,11
94,США,11
95,себя,11
96,Сноб,10
97,Литература,10
98,страницы,10
99,этом,10
100,ничего,10
101,этой,10
102,где,10
103,быть,10
104,кто,10
105,того,10
106,Россия,10
107,подробнее,10
108,фестиваль,9
109,была,9
110,стал,9
111,там,9
112,даже,9
113,конечно,9
114,истории,9
115,люди,9
116,тот,9
117,людей,9
118,мире,9
119,Кто,9
120,детективом,9
121,времен,9
122,фильме,9
123,Смотрите,9
124,интервью,9
125,Площадка,8
126,Тип,8
127,баннера,8
128,Расположение,8
129,дальше,8
130,надо,8
131,себе,8
132,особенно,8
133,были,8
134,литературы,8
135,перед,8
136,сказать,8
137,почти,8
138,своей,8
139,фильма,8
140,Они,8
141,русской,8
142,официант,8
143,Москве,8
144,Лента,8
145,свой,8
146,Детектив,8
147,лет,8
148,между,8
149,Феллини,8
150,мои,8
151,Спасибо,7
152,События,7
153,проекта,7
154,при,7
155,жить,7
156,Спорт,7
157,никогда,7
158,никто,7
159,самой,7
160,день,7
161,образом,7
162,года,7
163,вдруг,7
164,тогда,7
165,один,7
166,которые,7
167,конце,7
168,самого,7
169,такие,7
170,таких,7
171,здесь,7
172,взять,7
173,тебе,7
174,мой,7
175,имя,7
176,говорят,7
177,Если,7
178,версия,7
179,собой,7
180,лучший,7
181,назвали,7
182,Агаты,7
183,писатель,7
184,году,7
185,свое,7
186,вопрос,7
187,История,7
188,января,7
189,вас,7
190,сайту,7
191,Вам,7
192,необходимо,7
193,читатели,7
194,Чарльза,6
195,Читать,6
196,события,6
197,Интернет,6
198,романа,6
199,корабль,6
200,Друд,6
201,Джаспер,6
202,значит,6
203,одной,6
204,лучше,6
205,начала,6
206,знать,6
207,над,6
208,такой,6
209,дела,6
210,них,6
211,ему,6
212,жанра,6
213,два,6
214,три,6
215,отвечает,6
216,Так,6
217,такое,6
218,гораздо,6
219,могу,6
220,писателей,6
221,Экройд,6
222,мир,6
223,слова,6
224,Кадр,6
225,Агата,6
226,Михаил,6
227,преступления,6
228,марта,6
229,Гамлет,6
230,Марина,6
231,Анатольевна,6
232,знаю,6
233,новые,5
234,верх,5
235,Фестиваль,5
236,музыки,5
237,будущее,5
238,Наука,5
239,Бизнес,5
240,Здоровье,5
241,Общество,5
242,Спецпроекты,5
243,Владимир,5
244,две,5
245,нравится,5
246,сих,5
247,пор,5
248,тут,5
249,Теперь,5
250,тем,5
251,которая,5
252,самых,5
253,эти,5
254,вышел,5
255,каждый,5
256,своем,5
257,Потому,5
258,которого,5
259,второй,5
260,таки,5
261,читать,5
262,более,5
263,писать,5
264,буду,5
265,эту,5
266,всем,5
267,интересно,5
268,времени,5
269,какой,5
270,понять,5
271,вместе,5
272,лишь,5
273,Россию,5
274,беспорядках,5
275,МВД,5
276,Путина,5
277,Книги,5
278,книга,5
279,СМИ,5
280,Россияне,5
281,журналиста,5
282,подробности,5
283,ней,5
284,доктор,5
285,Шепард,5
286,доктора,5
287,Неудача,5
288,совсем,5
289,русские,5
290,Сейчас,5
291,дома,5
292,стране,5
293,либо,5
294,Слово,5
295,Фильм,5
296,Евгений,5
297,Габрилович,5
298,Последний,5
299,автограф,5
300,Глава,5
301,тому,5
302,сентября,5
303,Федерико,5
304,интернет,5
305,голосов,5
306,включить,5
307,проголосовать,5
308,пишу,5
309,литература,4
310,произведения,4
311,Эссе,4
312,загадочном,4
313,произведении,4
314,пароль,4
315,клубные,4
316,Свернуть,4
317,работы,4
318,Деньги,4
319,Путешествия,4
320,дневник,4
321,Тема,4
322,Андрей,4
323,последний,4
324,автор,4
325,тайну,4
326,хотя,4
327,читателя,4
328,Мне,4
329,думаю,4
330,стать,4
331,какие,4
332,судьбу,4
333,сама,4
334,вообще,4
335,наиболее,4
336,концов,4
337,страшней,4
338,жанров,4
339,начало,4
340,сколько,4
341,разгадки,4
342,работу,4
343,придется,4
344,Даже,4
345,тайны,4
346,например,4
347,сам,4
348,детектива,4
349,такого,4
350,главный,4
351,словно,4
352,жизнью,4
353,другой,4
354,вещей,4
355,вечно,4
356,Достоевский,4
357,этим,4
358,мог,4
359,нужно,4
360,литературе,4
361,становится,4
362,Золя,4
363,пожалуй,4
364,больше,4
365,всей,4
366,шесть,4
367,бог,4
368,Почему,4
369,кого,4
370,пока,4
371,говорит,4
372,потом,4
373,снова,4
374,дня,4
375,раньше,4
376,Есть,4
377,вполне,4
378,мировой,4
379,узнали,4
380,друг,4
381,ведь,4
382,Этот,4
383,прежде,4
384,слов,4
385,читатель,4
386,недвижимый,4
387,через,4
388,строго,4
389,иногда,4
390,произведений,4
391,попал,4
392,знала,4
393,Дальше,4
394,неделе,4
395,любой,4
396,случаях,4
397,ждет,4
398,массовых,4
399,акции,4
400,квартиру,4
401,Контакты,4
402,Медиа,4
403,детективный,4
404,Убийца,4
405,Главное,4
406,СССР,4
407,Дом,4
408,Статьи,4
409,Чечни,4
410,назад,4
411,Появились,4
412,Мою,4
413,Ленту,4
414,книгах,4
415,убийство,4
416,про,4
417,письма,4
418,богатые,4
419,Северодвинском,4
420,квартиры,4
421,русского,4
422,понимают,4
423,главная,4
424,понедельник,4
425,нашего,4
426,передачу,4
427,вне,4
428,вопросы,4
429,говоря,4
430,Граппелли,4
431,Чарли,4
432,любви,4
433,информация,4
434,книгу,4
435,творчество,4
436,Авто,4
437,стандарт,4
438,Маринина,4
439,Америке,4
440,Нью,4
441,ваши,4
442,отношения,4
443,моих,4
444,преступность,4
445,написала,4
446,тайна,3
447,электронной,3
448,технологий,3
449,детей,3
450,российских,3
451,Искать,3
452,Главная,3
453,Подписка,3
454,Политика,3
455,магазин,3
456,Автомобили,3
457,Дорогая,3
458,редакция,3
459,Дети,3
460,Стиль,3
461,Иваницкий,3
462,узнаем,3
463,многочисленные,3
464,исследования,3
465,можно,3
466,теперь,3
467,историю,3
468,Айвазовского,3
469,одна,3
470,жив,3
471,жизнь,3
472,могла,3
473,романом,3
474,конец,3
475,версии,3
476,финала,3
477,внимание,3
478,матери,3
479,оказывается,3
480,рождения,3
481,Джаспера,3
482,пользуется,3
483,сейчас,3
484,весь,3
485,интересует,3
486,собственно,3
487,всю,3
488,Честертон,3
489,стороны,3
490,первую,3
491,Джекил,3
492,викторианский,3
493,которую,3
494,говорил,3
495,раскрывать,3
496,самому,3
497,многие,3
498,могли,3
499,которой,3
500,Нет,3
501,других,3
502,романе,3
503,ясно,3
504,великого,3
505,детективов,3
506,мере,3
507,поймем,3
508,настоящему,3
509,самый,3
510,понимает,3
511,человеческой,3
512,Достоевского,3
513,поскольку,3
514,конца,3
515,понятно,3
516,автором,3
517,героя,3
518,умирает,3
519,близко,3
520,действия,3
521,другим,3
522,десять,3
523,новый,3
524,жанр,3
525,взрыв,3
526,оно,3
527,триллер,3
528,котором,3
529,страшных,3
530,умеет,3
531,просто,3
532,Она,3
533,дай,3
534,милый,3
535,нее,3
536,Чем,3
537,грозит,3
538,опасность,3
539,кому,3
540,такая,3
541,слишком,3
542,прошлом,3
543,смерти,3
544,убийца,3
545,ним,3
546,спутник,3
547,сказал,3
548,быстро,3
549,первый,3
550,Время,3
551,помнить,3
552,слово,3
553,Конечно,3
554,летучий,3
555,чего,3
556,полетел,3
557,прилетел,3
558,обратно,3
559,официанта,3
560,нам,3
561,принадлежит,3
562,Тартара,3
563,персонажа,3
564,точно,3
565,Ведь,3
566,литературной,3
567,абсолютно,3
568,бывает,3
569,чаще,3
570,художник,3
571,работа,3
572,чему,3
573,материал,3
574,Москва,3
575,Олег,3
576,неделю,3
577,эта,3
578,Первый,3
579,Китай,3
580,цикла,3
581,список,3
582,проспекте,3
583,Сахарова,3
584,задержания,3
585,Власти,3
586,Москвы,3
587,зрителей,3
588,Горького,3
589,речь,3
590,назвал,3
591,жилом,3
592,доме,3
593,Валерия,3
594,миллионов,3
595,билетов,3
596,Полная,3
597,нами,3
598,кит,3
599,права,3
600,Роман,3
601,романов,3
602,саму,3
603,лучшей,3
604,Шерлоке,3
605,Холмсе,3
606,последних,3
607,первых,3
608,рассказывает,3
609,достоин,3
610,адрес,3
611,обычно,3
612,Бывший,3
613,Видео,3
614,добра,3
615,Архив,3
616,Последние,3
617,отреагировали,3
618,поездку,3
619,Крым,3
620,Звонок,3
621,заставил,3
622,Шевченко,3
623,Кадырове,3
624,Раскрыто,3
625,детективных,3
626,Именно,3
627,Эркюль,3
628,скорее,3
629,Шепарду,3
630,своего,3
631,падает,3
632,литературный,3
633,Итак,3
634,табу,3
635,лица,3
636,совершить,3
637,преступник,3
638,Шепарда,3
639,нем,3
640,много,3
641,Эти,3
642,жанром,3
643,произведение,3
644,очереди,3
645,Поль,3
646,свои,3
647,Раскрыты,3
648,Жанны,3
649,Рассказовой,3
650,Советы,3
651,военных,3
652,людьми,3
653,полигоне,3
654,думать,3
655,известно,3
656,вещи,3
657,миллионы,3
658,Киргизии,3
659,Титаник,3
660,музыкантов,3
661,море,3
662,следующей,3
663,Российский,3
664,долларов,3
665,пытаются,3
666,Президент,3
667,купить,3
668,вторник,3
669,четверг,3
670,событий,3
671,Самые,3
672,громкие,3
673,процессы,3
674,таком,3
675,наоборот,3
676,сюжет,3
677,чувство,3
678,ссылки,3
679,можете,3
680,размышляет,3
681,книг,3
682,делать,3
683,Кафка,3
684,Шиллер,3
685,Фридрих,3
686,Кровь,3
687,равнине,3
688,Глинка,3
689,Шут,3
690,явление,3
691,Опера,3
692,свободы,3
693,Роберто,3
694,Жорж,3
695,Санд,3
696,культуры,3
697,бытовой,3
698,которым,3
699,программы,3
700,Моисеев,3
701,Игорь,3
702,каждого,3
703,плывет,3
704,снять,3
705,Культурная,3
706,революция,3
707,редакции,3
708,обзор,3
709,Признание,3
710,Страница,3
711,найдена,3
712,Рейтинг,3
713,статьи,3
714,Недвижимость,3
715,Туризм,3
716,Техно,3
717,Красота,3
718,Досуг,3
719,аналитика,3
720,современных,3
721,Лучшие,3
722,другое,3
723,Александра,3
724,иммигранты,3
725,момент,3
726,ситуации,3
727,думаете,3
728,ваших,3
729,обо,3
730,Мои,3
731,правило,3
732,критик,3
733,плохо,3
734,преступности,3
735,многое,3
736,Ваше,3
737,культура,2
738,Материалы,2
739,Проект,2
740,Перетяжка,2
741,Пароль,2
742,Войти,2
743,компьютер,2
744,Забыли,2
745,Трехдневный,2
746,опен,2
747,эйр,2
748,берегу,2
749,Волги,2
750,Джазовый,2
751,Клуба,2
752,Алексея,2
753,Козлова,2
754,Музыкальный,2
755,открытым,2
756,небом,2
757,поддержке,2
758,Сноба,2
759,Ежегодный,2
760,науки,2
761,джаза,2
762,взрослых,2
763,Оперный,2
764,Концерты,2
765,иностранных,2
766,оперных,2
767,певцов,2
768,ботаническом,2
769,саду,2
770,идут,2
771,Снобщество,2
772,Журнал,2
773,Колумнисты,2
774,Мнения,2
775,Футуроскоп,2
776,Телевидение,2
777,Диалоги,2
778,Еще,2
779,темы,2
780,ланч,2
781,Ксенией,2
782,Собчак,2
783,Еда,2
784,Интервью,2
785,повседневности,2
786,Кухонные,2
787,разговоры,2
788,Монологи,2
789,Религия,2
790,Сделано,2
791,Стартапы,2
792,Эверест,2
793,Имя,2
794,Теги,2
795,ответа,2
796,Иллюстрация,2
797,Дорохин,2
798,виде,2
799,придумал,2
800,самые,2
801,раскрыть,2
802,невозможно,2
803,умер,2
804,написав,2
805,примерно,2
806,узнает,2
807,абсолютной,2
808,рукой,2
809,неизбежно,2
810,получается,2
811,картина,2
812,Взрыв,2
813,закончил,2
814,деталей,2
815,идеей,2
816,взрыва,2
817,хорошим,2
818,детективным,2
819,заглянуть,2
820,возможности,2
821,писем,2
822,частью,2
823,сотни,2
824,обращают,2
825,каким,2
826,Розы,2
827,обстоятельства,2
828,пристально,2
829,изучают,2
830,дополнительные,2
831,Вдруг,2
832,родной,2
833,настоящий,2
834,Дэчери,2
835,полагает,2
836,текстов,2
837,которых,2
838,куда,2
839,Человека,2
840,однажды,2
841,английский,2
842,британская,2
843,Киплинг,2
844,Шоу,2
845,позднего,2
846,очередь,2
847,Генри,2
848,первым,2
849,главное,2
850,имеет,2
851,трудно,2
852,роль,2
853,мисс,2
854,думал,2
855,главные,2
856,загадки,2
857,эпохи,2
858,разрешения,2
859,вроде,2
860,ставят,2
861,моего,2
862,великий,2
863,реальной,2
864,идею,2
865,принципиально,2
866,Тайне,2
867,нечто,2
868,крайней,2
869,объяснения,2
870,знаем,2
871,начинает,2
872,природы,2
873,превращается,2
874,меньше,2
875,Холмса,2
876,Ватсона,2
877,однако,2
878,домой,2
879,человеке,2
880,вся,2
881,американская,2
882,видимо,2
883,нужен,2
884,имперский,2
885,прессинг,2
886,отсутствие,2
887,Кстати,2
888,неоконченный,2
889,останется,2
890,убил,2
891,ВСЕ,2
892,одним,2
893,жанру,2
894,судьбы,2
895,век,2
896,нужна,2
897,опыт,2
898,последней,2
899,точки,2
900,открыл,2
901,этому,2
902,будущего,2
903,развития,2
904,удалось,2
905,объяснить,2
906,реальности,2
907,главным,2
908,страшная,2
909,сказка,2
910,действительно,2
911,куска,2
912,чтения,2
913,Без,2
914,всякого,2
915,Страшно,2
916,одновременно,2
917,скажем,2
918,хватает,2
919,люблю,2
920,перечитывать,2
921,культуре,2
922,пенсов,2
923,дашь,2
924,деньги,2
925,Слушай,2
926,спрашивает,2
927,уйти,2
928,пробормотав,2
929,хотела,2
930,зовут,2
931,Нэдом,2
932,нехорошее,2
933,живут,2
934,глазами,2
935,уходит,2
936,говорящие,2
937,чувствует,2
938,эпизод,2
939,опять,2
940,которое,2
941,столько,2
942,совершал,2
943,Когда,2
944,наконец,2
945,совершилось,2
946,место,2
947,поднимается,2
948,глаза,2
949,вокруг,2
950,руку,2
951,кончено,2
952,Слишком,2
953,немного,2
954,скоро,2
955,легко,2
956,самое,2
957,видел,2
958,Чего,2
959,Посмотри,2
960,жалкое,2
961,гадкое,2
962,незначительное,2
963,Значит,2
964,называет,2
965,намек,2
966,разговоре,2
967,Мария,2
968,появляется,2
969,идея,2
970,собственные,2
971,Роза,2
972,Грюджиус,2
973,почерпнуть,2
974,постоянно,2
975,двадцать,2
976,неким,2
977,вещь,2
978,ними,2
979,узнал,2
980,сначала,2
981,должны,2
982,Хотя,2
983,убит,2
984,королеве,2
985,резко,2
986,стилистически,2
987,излагается,2
988,спокойном,2
989,прозы,2
990,двух,2
991,принес,2
992,быстротой,2
993,стаканы,2
994,затем,2
995,воздух,2
996,летучего,2
997,Надеюсь,2
998,вами,2
999,советского,2
1000,предтеча,2
1001,Или,2
1002,полагают,2
1003,сон,2
1004,умел,2
1005,сочетать,2
1006,этих,2
1007,комнату,2
1008,далеко,2
1009,сегодня,2
1010,кажется,2
1011,делал,2
1012,винта,2
1013,техники,2
1014,веке,2
1015,сравнить,2
1016,болоте,2
1017,столетие,2
1018,причем,2
1019,российской,2
1020,британской,2
1021,американской,2
1022,реже,2
1023,смешные,2
1024,едва,2
1025,смерть,2
1026,писателя,2
1027,наш,2
1028,погоду,2
1029,хорошую,2
1030,середина,2
1031,Другие,2
1032,автора,2
1033,также,2
1034,Сергей,2
1035,Названы,2
1036,вошли,2
1037,находится,2
1038,имени,2
1039,программу,2
1040,комментарий,2
1041,отношение,2
1042,Хорошо,2
1043,чуть,2
1044,удовольствием,2
1045,Ричардсон,2
1046,ТГБ,2
1047,Кашин,2
1048,полицейская,2
1049,дубинка,2
1050,спросите,2
1051,власть,2
1052,Самое,2
1053,рейтинга,2
1054,Здесь,2
1055,Редакция,2
1056,выстрел,2
1057,валютной,2
1058,войне,2
1059,девальвации,2
1060,юаня,2
1061,обвала,2
1062,нефти,2
1063,Даней,2
1064,придут,2
1065,Монолог,2
1066,Даниила,2
1067,Конона,2
1068,арестованного,2
1069,делу,2
1070,Егор,2
1071,Жуков,2
1072,объединило,2
1073,московских,2
1074,студентов,2
1075,Уничтожает,2
1076,российскую,2
1077,тайгу,2
1078,Продолжение,2
1079,творится,2
1080,российском,2
1081,лесу,2
1082,знаменитостей,2
1083,поддержал,2
1084,московские,2
1085,протесты,2
1086,Митинг,2
1087,Хроника,2
1088,Чемпионка,2
1089,вице,2
1090,чемпионка,2
1091,кикбоксингу,2
1092,утонули,2
1093,Севастополе,2
1094,шторма,2
1095,Полиамория,2
1096,распущенность,2
1097,прыжок,2
1098,отчитались,2
1099,тысячах,2
1100,фестивале,2
1101,парке,2
1102,фотографиях,2
1103,мероприятия,2
1104,Зел,2
1105,ные,2
1106,волки,2
1107,съедают,2
1108,банки,2
1109,арестовали,2
1110,полицейских,2
1111,июля,2
1112,проверку,2
1113,девушки,2
1114,Подмосковье,2
1115,журналистке,2
1116,Наверх,2
1117,Мобильная,2
1118,Рекламодателям,2
1119,Нашли,2
1120,Реклама,2
1121,ООО,2
1122,защищены,2
1123,Тематические,2
1124,блоги,2
1125,народов,2
1126,Таков,2
1127,результат,2
1128,опроса,2
1129,Британская,2
1130,Ассоциация,2
1131,криминального,2
1132,провела,2
1133,среди,2
1134,коллег,2
1135,цеху,2
1136,Помимо,2
1137,детективщики,2
1138,признали,2
1139,Агату,2
1140,серией,2
1141,рассказы,2
1142,титула,2
1143,заслуженны,2
1144,столь,2
1145,предсказуемы,2
1146,Экройду,2
1147,присмотреться,2
1148,Парадоксальным,2
1149,каноническим,2
1150,названа,2
1151,поразившая,2
1152,читателей,2
1153,неканоничностью,2
1154,сломала,2
1155,канон,2
1156,лестных,2
1157,осторожно,2
1158,спойлеры,2
1159,Мир,2
1160,Экономика,2
1161,Силовые,2
1162,структуры,2
1163,техника,2
1164,Ценности,2
1165,Вакансии,2
1166,Добро,2
1167,пожаловать,2
1168,Кино,2
1169,Музыка,2
1170,Театр,2
1171,Европы,2
1172,телевизора,2
1173,вида,2
1174,летняя,2
1175,расправы,2
1176,киллера,2
1177,Круга,2
1178,сокамерником,2
1179,митинге,2
1180,число,2
1181,истребителей,2
1182,Добавлено,2
1183,Удалить,2
1184,Добавить,2
1185,Перейти,2
1186,телесериала,2
1187,шестой,2
1188,годами,2
1189,появился,2
1190,детективного,2
1191,следует,2
1192,Вскоре,2
1193,убийстве,2
1194,бывшего,2
1195,подозрение,2
1196,знаменитый,2
1197,расследование,2
1198,убийства,2
1199,читаем,2
1200,основной,2
1201,убийцей,2
1202,Таким,2
1203,повествование,2
1204,убийцы,2
1205,сыщика,2
1206,нераскрытым,2
1207,остается,2
1208,дает,2
1209,хотел,2
1210,одного,2
1211,собирался,2
1212,подать,2
1213,моей,2
1214,свою,2
1215,Поэтому,2
1216,важно,2
1217,скрыть,2
1218,механизм,2
1219,случайно,2
1220,признан,2
1221,исследовать,2
1222,родился,2
1223,желания,2
1224,задачу,2
1225,форму,2
1226,сделать,2
1227,миру,2
1228,Фото,2
1229,историей,2
1230,выходит,2
1231,противостояния,2
1232,Агате,2
1233,собственный,2
1234,персонаж,2
1235,смысле,2
1236,Гумберте,2
1237,детективные,2
1238,могут,2
1239,спустя,2
1240,сборник,2
1241,преступлению,2
1242,писательницы,2
1243,рубрики,2
1244,Гоген,2
1245,ревнуешь,2
1246,Сумасшедшие,2
1247,миллионеры,2
1248,десятилетиями,2
1249,собирали,2
1250,коллекции,2
1251,завидуют,2
1252,диджея,2
1253,Лиам,2
1254,Хемсворт,2
1255,прокомментировал,2
1256,разрыв,2
1257,ушедшей,2
1258,девушке,2
1259,Майли,2
1260,Сайрус,2
1261,Скандал,2
1262,Фадеевым,2
1263,певицей,2
1264,Наргиз,2
1265,сочли,2
1266,пиар,2
1267,ходом,2
1268,Чтобы,2
1269,совали,2
1270,нос,2
1271,паранойя,2
1272,американских,2
1273,привела,2
1274,изобретению,2
1275,интернета,2
1276,выступления,2
1277,Веры,2
1278,Брежневой,2
1279,задымилась,2
1280,сцена,2
1281,недели,2
1282,причина,2
1283,главном,2
1284,взрыве,2
1285,распада,2
1286,частные,2
1287,хотят,2
1288,родины,2
1289,президент,2
1290,Атамбаев,2
1291,президента,2
1292,Зеленский,2
1293,рубежом,2
1294,Эта,2
1295,война,2
1296,экономику,2
1297,дно,2
1298,десятки,2
1299,военном,2
1300,ищут,2
1301,АПЛ,2
1302,новую,2
1303,Наоми,2
1304,Сити,2
1305,искали,2
1306,суд,2
1307,Мошенники,2
1308,популярные,2
1309,порок,2
1310,пользователей,2
1311,туристический,2
1312,Россиянин,2
1313,зачем,2
1314,год,2
1315,женщины,2
1316,тело,2
1317,преступника,2
1318,тест,2
1319,млн,2
1320,свободное,2
1321,своим,2
1322,Италии,2
1323,семья,2
1324,около,2
1325,Левая,2
1326,колонка,2
1327,Аввакум,2
1328,Острова,2
1329,среда,2
1330,Николай,2
1331,пятница,2
1332,суббота,2
1333,Недлинные,2
1334,Середина,2
1335,внутренний,2
1336,блок,2
1337,Передачи,2
1338,поиск,2
1339,авторам,2
1340,детективы,2
1341,человека,2
1342,преступление,2
1343,смотреть,2
1344,интересе,2
1345,комфорта,2
1346,преступлениях,2
1347,лежу,2
1348,руках,2
1349,форумы,2
1350,теме,2
1351,телезаметки,2
1352,прочитать,2
1353,Плоды,2
1354,просвещения,2
1355,Чичикове,2
1356,Бендере,2
1357,Лермонтов,2
1358,Герой,2
1359,Александром,2
1360,ярких,2
1361,Тургенев,2
1362,Иван,2
1363,Сергеевич,2
1364,Уроки,2
1365,Отцы,2
1366,дети,2
1367,Мало,2
1368,Бабель,2
1369,невероятно,2
1370,ярким,2
1371,Прага,2
1372,живет,2
1373,связь,2
1374,напрягаться,2
1375,передаче,2
1376,Ода,2
1377,Радости,2
1378,программа,2
1379,Библейский,2
1380,программе,2
1381,сюжета,2
1382,Табакова,2
1383,поражают,2
1384,Деникина,2
1385,драматическую,2
1386,цикле,2
1387,огромного,2
1388,современном,2
1389,Смерть,2
1390,зовется,2
1391,Энгельхен,2
1392,документального,2
1393,дозволенный,2
1394,протест,2
1395,рамках,2
1396,Пиковая,2
1397,дама,2
1398,искусство,2
1399,Пятое,2
1400,измерение,2
1401,Италия,2
1402,Тем,2
1403,временем,2
1404,география,2
1405,важнее,2
1406,Островского,2
1407,спектакль,2
1408,Росселлини,2
1409,содержание,2
1410,конечном,2
1411,счете,2
1412,документальный,2
1413,симфонических,2
1414,оркестров,2
1415,Израильского,2
1416,филармонического,2
1417,оркестра,2
1418,Светлый,2
1419,путь,2
1420,героиня,2
1421,Классика,2
1422,Китеж,2
1423,селе,2
1424,трио,2
1425,Стефана,2
1426,Только,2
1427,жестокости,2
1428,Чаплина,2
1429,Социально,2
1430,Боксеры,2
1431,спорт,2
1432,Козинцева,2
1433,русский,2
1434,посвященную,2
1435,чье,2
1436,пишется,2
1437,явления,2
1438,Берлинский,2
1439,Валентин,2
1440,играть,2
1441,мало,2
1442,правильно,2
1443,Идиот,2
1444,Никто,2
1445,будто,2
1446,бум,2
1447,провокация,2
1448,раздражение,2
1449,вещания,2
1450,передач,2
1451,Уши,2
1452,вертикальные,2
1453,Конкурс,2
1454,юных,2
1455,канал,2
1456,Общероссийский,2
1457,государственный,2
1458,телеканал,2
1459,опубликованные,2
1460,сайте,2
1461,При,2
1462,текстовых,2
1463,ссылка,2
1464,обязательна,2
1465,творчества,2
1466,детективное,2
1467,авторы,2
1468,истоки,2
1469,классика,2
1470,женский,2
1471,батальон,2
1472,шпионский,2
1473,иронический,2
1474,исторический,2
1475,фантастический,2
1476,широтах,2
1477,погружение,2
1478,герои,2
1479,рецензии,2
1480,гостевая,2
1481,продукции,2
1482,естественно,2
1483,Обзор,2
1484,жанре,2
1485,Советский,2
1486,ваш,2
1487,количеством,2
1488,помогут,2
1489,мысли,2
1490,Финансы,2
1491,Лечение,2
1492,наркомании,2
1493,Современная,2
1494,практика,2
1495,Аренда,2
1496,насущный,2
1497,работают,2
1498,тайные,2
1499,покупатели,2
1500,провалить,2
1501,собеседование,2
1502,рубль,2
1503,Нефть,2
1504,налоги,2
1505,Саммит,2
1506,Спецслужбы,2
1507,вмешивались,2
1508,выборы,2
1509,Обамы,2
1510,Трамп,2
1511,первое,2
1512,честное,2
1513,казино,2
1514,блокчейн,2
1515,незаконных,2
1516,способов,2
1517,сбора,2
1518,контактных,2
1519,данных,2
1520,клиентов,2
1521,Чемпионат,2
1522,футболу,2
1523,касается,2
1524,досуга,2
1525,числе,2
1526,Полезные,2
1527,советы,2
1528,здоровье,2
1529,Покупка,2
1530,транспортных,2
1531,Инструкция,2
1532,замене,2
1533,тормозного,2
1534,вакуумного,2
1535,насоса,2
1536,успех,2
1537,премиальных,2
1538,аккумуляторов,2
1539,рейтинге,2
1540,публикации,2
1541,Куда,2
1542,инвестируют,2
1543,Автодозвон,2
1544,данная,2
1545,услуга,2
1546,повышенным,2
1547,спросом,2
1548,Текущая,2
1549,ситуация,2
1550,рынке,2
1551,криптовалют,2
1552,получить,2
1553,кредит,2
1554,выходя,2
1555,Загрузка,2
1556,частей,2
1557,информации,2
1558,повод,2
1559,серьезного,2
1560,разговора,2
1561,читателем,2
1562,объявления,2
1563,Йорк,2
1564,Флорида,2
1565,Америку,2
1566,газеты,2
1567,Йорке,2
1568,кабинет,2
1569,творчеству,2
1570,тираж,2
1571,нибудь,2
1572,смеется,2
1573,ответ,2
1574,пишут,2
1575,цели,2
1576,пишет,2
1577,Ваши,2
1578,мужем,2
1579,поводу,2
1580,решить,2
1581,психологический,2
1582,взгляд,2
1583,поразмышлять,2
1584,юмористический,2
1585,рассказ,2
1586,неважно,2
1587,переведены,2
1588,язык,2
1589,книге,2
1590,читают,2
1591,быта,2
1592,сожалению,2
1593,находясь,2
1594,мной,2
1595,Первая,2
1596,такими,2
1597,занимаюсь,2
1598,купила,2
1599,приятное,2
1600,муж,2
1601,моя,2
1602,подруга,2
1603,текст,2
1604,сами,2
1605,читаете,2
1606,Манкеля,2
1607,прочла,2
1608,Азазель,2
1609,старалась,2
1610,ответы,2
1611,извините,2
1612,считают,2
1613,нужным,2
1614,должна,2
1615,виду,2
1616,откуда,2
1617,Например,2
1618,методики,2
1619,преступников,2
1620,занималась,2
1621,наука,2
1622,случились,2
1623,аналитик,2
1624,количество,2
1625,написать,2
1626,Причина,2
1627,преступлений,2
1628,статья,2
1629,ноль,2
1630,Ганова,2
1631,руков,2
1632,клуба,2
1633,клубники,2
1634,Вас,2
1635,обожают,2
1636,РЕМОНТ,2
1637,ДОМА,2
1638,СЕРВИС,2
1639,РАБОТА,2
1640,современная,1
1641,шапке,1
1642,моб,1
1643,Логин,1
1644,Стать,1
1645,участником,1
1646,Чужой,1
1647,Станислав,1
1648,Белковский,1
1649,шоссе,1
1650,светлое,1
1651,ремонтные,1
1652,двигаться,1
1653,объезд,1
1654,пользователя,1
1655,Создать,1
1656,зарегистрироваться,1
1657,Сообщение,1
1658,Ожидайте,1
1659,сервера,1
1660,Забрать,1
1661,реплик,1
1662,Участники,1
1663,дискуссии,1
1664,Поделиться,1
1665,Одни,1
1666,называют,1
1667,другие,1
1668,худшим,1
1669,произведением,1
1670,назовем,1
1671,знаменитейшим,1
1672,безусловно,1
1673,величайшим,1
1674,величии,1
1675,вклад,1
1676,другого,1
1677,Творца,1
1678,Велик,1
1679,слаб,1
1680,судьба,1
1681,распорядилась,1
1682,слабости,1
1683,предстали,1
1684,ослепительными,1
1685,достоинствами,1
1686,убежден,1
1687,составившие,1
1688,полтора,1
1689,огромную,1
1690,друдиану,1
1691,доказали,1
1692,трети,1
1693,задуманного,1
1694,достоверностью,1
1695,попытки,1
1696,дописать,1
1697,талантливой,1
1698,разочаровывают,1
1699,второго,1
1700,разгадка,1
1701,разочарует,1
1702,Тут,1
1703,стихотворении,1
1704,Леонида,1
1705,Мартынова,1
1706,существу,1
1707,кончины,1
1708,начата,1
1709,наутро,1
1710,зализал,1
1711,наверное,1
1712,понравилась,1
1713,завершена,1
1714,корабля,1
1715,мольберте,1
1716,музее,1
1717,непрорисованный,1
1718,фон,1
1719,размытость,1
1720,изумительным,1
1721,гармонируют,1
1722,кончается,1
1723,грек,1
1724,Канарис,1
1725,взрывает,1
1726,турецкий,1
1727,близ,1
1728,острова,1
1729,Хиос,1
1730,завершалась,1
1731,обычным,1
1732,пусть,1
1733,никакая,1
1734,сила,1
1735,удержала,1
1736,желающего,1
1737,лишен,1
1738,разгар,1
1739,июня,1
1740,оставив,1
1741,планов,1
1742,черновиков,1
1743,намерениях,1
1744,Друдиану,1
1745,перескажешь,1
1746,любопытствующих,1
1747,отсылаю,1
1748,сборнику,1
1749,составленному,1
1750,Гениевой,1
1751,Парчевской,1
1752,смутное,1
1753,позднесоветское,1
1754,специалистов,1
1755,большей,1
1756,самодеятельных,1
1757,непримиримых,1
1758,интернете,1
1759,бродят,1
1760,Ранние,1
1761,исследователи,1
1762,Проктор,1
1763,Уоллес,1
1764,высказавшие,1
1765,основные,1
1766,мертв,1
1767,потрясены,1
1768,мелочи,1
1769,нынешние,1
1770,диккенсоведы,1
1771,вниманием,1
1772,отслеживают,1
1773,гипотетическую,1
1774,утонула,1
1775,раскрыла,1
1776,мужу,1
1777,некую,1
1778,убита,1
1779,реконструируют,1
1780,темные,1
1781,Елены,1
1782,Невила,1
1783,Ландлесов,1
1784,викторианские,1
1785,законы,1
1786,предмет,1
1787,реконструкции,1
1788,истинных,1
1789,замыслов,1
1790,мотивы,1
1791,убивать,1
1792,брат,1
1793,дядя,1
1794,именем,1
1795,Дик,1
1796,вдумчивых,1
1797,интерпретаторов,1
1798,Короче,1
1799,ворошить,1
1800,бешеный,1
1801,муравейник,1
1802,проявлять,1
1803,неуважение,1
1804,величайших,1
1805,литературных,1
1806,загадок,1
1807,незаконченный,1
1808,викторианским,1
1809,викторианство,1
1810,оны,1
1811,времена,1
1812,Новелла,1
1813,Матвеева,1
1814,выручала,1
1815,нашу,1
1816,журфаковскую,1
1817,группу,1
1818,пересказом,1
1819,тех,1
1820,западной,1
1821,доходили,1
1822,руки,1
1823,экзаменом,1
1824,пересказы,1
1825,оригиналов,1
1826,прочли,1
1827,четвергом,1
1828,помню,1
1829,пересказе,1
1830,живей,1
1831,контрастней,1
1832,любимого,1
1833,пересказывала,1
1834,мистическим,1
1835,восторгом,1
1836,Греция,1
1837,сказала,1
1838,Греции,1
1839,искусств,1
1840,Диккенсе,1
1841,Великая,1
1842,шестерка,1
1843,определившая,1
1844,искусства,1
1845,Стивенсон,1
1846,Уайльд,1
1847,Моэм,1
1848,осваивает,1
1849,справедливо,1
1850,замечает,1
1851,Гениева,1
1852,романтического,1
1853,наркотического,1
1854,злодея,1
1855,невинного,1
1856,розового,1
1857,племянника,1
1858,ведут,1
1859,роковые,1
1860,двойники,1
1861,викторианства,1
1862,Хайд,1
1863,Стивенсона,1
1864,позднее,1
1865,соблазнитель,1
1866,сэр,1
1867,юный,1
1868,Дориан,1
1869,Уайльда,1
1870,почерпнул,1
1871,тема,1
1872,отдельного,1
1873,продемонстрировал,1
1874,той,1
1875,великой,1
1876,романной,1
1877,анонсировал,1
1878,начиная,1
1879,Тайной,1
1880,Идея,1
1881,великая,1
1882,развить,1
1883,читателю,1
1884,абсолютное,1
1885,новаторство,1
1886,фокус,1
1887,манил,1
1888,знаменитая,1
1889,обложка,1
1890,Олстона,1
1891,Коллинза,1
1892,мощной,1
1893,финальной,1
1894,сценой,1
1895,склепе,1
1896,исключает,1
1897,остаться,1
1898,нераскрытыми,1
1899,истинная,1
1900,Курилки,1
1901,старуха,1
1902,содержательница,1
1903,опиумного,1
1904,притона,1
1905,преследующая,1
1906,пытающаяся,1
1907,спасти,1
1908,подобном,1
1909,финале,1
1910,развился,1
1911,остались,1
1912,Первейшая,1
1913,Джека,1
1914,Потрошителя,1
1915,подобралась,1
1916,Патриция,1
1917,Корнуэлл,1
1918,выводы,1
1919,подтвержденные,1
1920,множеством,1
1921,экспертиз,1
1922,упорно,1
1923,сомнение,1
1924,увлекательней,1
1925,реального,1
1926,Дело,1
1927,Горгоновой,1
1928,кошмар,1
1929,детства,1
1930,Януша,1
1931,Маевского,1
1932,материале,1
1933,подлинного,1
1934,Зодиак,1
1935,прекрасный,1
1936,Финчера,1
1937,Черная,1
1938,орхидея,1
1939,реальное,1
1940,интересней,1
1941,Брайана,1
1942,Пальмы,1
1943,Саму,1
1944,могущего,1
1945,разгаданным,1
1946,глубже,1
1947,развил,1
1948,Лем,1
1949,Расследовании,1
1950,мрачном,1
1951,зря,1
1952,разворачивается,1
1953,британских,1
1954,туманах,1
1955,моргах,1
1956,постоянном,1
1957,соседстве,1
1958,покойников,1
1959,диккенсовский,1
1960,Вообще,1
1961,чувствуется,1
1962,потустороннее,1
1963,истинно,1
1964,ума,1
1965,сумел,1
1966,сторону,1
1967,пограничный,1
1968,Большинство,1
1969,викторианских,1
1970,внятного,1
1971,предлагает,1
1972,патер,1
1973,Браун,1
1974,иррациональней,1
1975,портрет,1
1976,Дориана,1
1977,Грея,1
1978,метафизического,1
1979,снадобья,1
1980,помощью,1
1981,Хайда,1
1982,тормозов,1
1983,необъяснимо,1
1984,отталкивающий,1
1985,младше,1
1986,блондинистей,1
1987,ростом,1
1988,секрет,1
1989,всемогущества,1
1990,профессора,1
1991,Мориарти,1
1992,Единственный,1
1993,островок,1
1994,уюта,1
1995,пространстве,1
1996,тотального,1
1997,зла,1
1998,иррациональном,1
1999,туманном,1
2000,Лондоне,1
2001,квартира,1
2002,Бейкер,1
2003,стрит,1
2004,туда,1
2005,наглей,1
2006,проникает,1
2007,необъяснимое,1
2008,бывают,1
2009,неудачи,1
2010,Дойл,1
2011,поверишь,1
2012,Джеймса,1
2013,Филлимора,1
2014,вернувшегося,1
2015,зонтиком,1
2016,пропавшего,1
2017,навсегда,1
2018,нашел,1
2019,викторианская,1
2020,Англия,1
2021,открыла,1
2022,бездны,1
2023,низости,1
2024,бесстыдства,1
2025,адские,1
2026,глубины,1
2027,падения,1
2028,каких,1
2029,французская,1
2030,немецкая,1
2031,проза,1
2032,открывали,1
2033,декадентское,1
2034,серьезный,1
2035,дописаться,1
2036,додуматься,1
2037,ужасных,1
2038,объяснений,1
2039,разгадок,1
2040,следствие,1
2041,ужаса,1
2042,природой,1
2043,предстала,1
2044,иррациональной,1
2045,Схожий,1
2046,равнявшийся,1
2047,Униженных,1
2048,оскорбленных,1
2049,подражает,1
2050,стесняясь,1
2051,договорился,1
2052,бездн,1
2053,Тургенева,1
2054,страшные,1
2055,последнее,1
2056,творение,1
2057,толком,1
2058,закончатся,1
2059,Братья,1
2060,Карамазовы,1
2061,ненаписанным,1
2062,имеющихся,1
2063,четырех,1
2064,частях,1
2065,Федора,1
2066,Павловича,1
2067,намекающее,1
2068,неразгаданность,1
2069,неуправляемость,1
2070,фирменный,1
2071,знак,1
2072,главных,1
2073,Бывают,1
2074,неоконченные,1
2075,симфонии,1
2076,появиться,1
2077,неоконченному,1
2078,эпосу,1
2079,отдельному,1
2080,узлы,1
2081,развязываются,1
2082,связываются,1
2083,всякой,1
2084,придуманной,1
2085,коллизии,1
2086,найти,1
2087,выход,1
2088,Величайшие,1
2089,эпосы,1
2090,завершены,1
2091,Жизнь,1
2092,Клима,1
2093,Самгина,1
2094,закончиться,1
2095,смертью,1
2096,пошло,1
2097,живя,1
2098,Самгин,1
2099,красиво,1
2100,героично,1
2101,трагично,1
2102,прототип,1
2103,Ходасевич,1
2104,пойти,1
2105,Горький,1
2106,душа,1
2107,мирится,1
2108,закончен,1
2109,Человек,1
2110,свойств,1
2111,Музиля,1
2112,дописан,1
2113,позднесоветских,1
2114,эпосов,1
2115,сражались,1
2116,Родину,1
2117,Костер,1
2118,охватить,1
2119,сверхконцепция,1
2120,современнику,1
2121,Сказать,1
2122,правду,1
2123,советский,1
2124,несоветскому,1
2125,тоталитаризма,1
2126,знаком,1
2127,Солженицын,1
2128,Красного,1
2129,колеса,1
2130,довел,1
2131,октября,1
2132,объяснив,1
2133,имеющиеся,1
2134,томов,1
2135,споре,1
2136,революции,1
2137,разумеется,1
2138,Неоконченный,1
2139,законченные,1
2140,сочинения,1
2141,безнадежно,1
2142,проигрывают,1
2143,фрагментарному,1
2144,тревожащему,1
2145,пограничному,1
2146,повествованию,1
2147,прежних,1
2148,вещах,1
2149,колорит,1
2150,изобретен,1
2151,осуществлен,1
2152,поздних,1
2153,Общем,1
2154,друге,1
2155,рождественских,1
2156,повестях,1
2157,всеобщую,1
2158,зацикленность,1
2159,триллере,1
2160,обязательное,1
2161,доминирование,1
2162,Пожалуй,1
2163,Елене,1
2164,Иваницкой,1
2165,единственному,1
2166,филологу,1
2167,фундаментально,1
2168,изучающему,1
2169,закономерности,1
2170,всяких,1
2171,трэш,1
2172,интереса,1
2173,страшному,1
2174,действительности,1
2175,утверждает,1
2176,Иваницкая,1
2177,нестрашное,1
2178,читали,1
2179,Анны,1
2180,Франк,1
2181,Тадеуша,1
2182,Боровского,1
2183,Виктора,1
2184,Франкла,1
2185,Варлама,1
2186,Шаламова,1
2187,Алеся,1
2188,Адамовича,1
2189,нуждаются,1
2190,сильных,1
2191,отвлечениях,1
2192,ужасной,1
2193,чтением,1
2194,уютнейший,1
2195,написал,1
2196,образцовый,1
2197,меньшей,1
2198,ночью,1
2199,строгому,1
2200,современному,1
2201,счету,1
2202,физиологизма,1
2203,натурализма,1
2204,опускания,1
2205,ниже,1
2206,пояса,1
2207,умели,1
2208,работает,1
2209,ужасного,1
2210,взрослый,1
2211,реалист,1
2212,трезвейший,1
2213,стану,1
2214,удовольствия,1
2215,Мартина,1
2216,Челзвита,1
2217,невероятным,1
2218,многословием,1
2219,Николаса,1
2220,Никльби,1
2221,натужным,1
2222,юмором,1
2223,тайнами,1
2224,происхождения,1
2225,ужасно,1
2226,навязчиво,1
2227,зверя,1
2228,Нана,1
2229,находить,1
2230,живых,1
2231,таинственно,1
2232,высокий,1
2233,пилотаж,1
2234,Тайны,1
2235,уютного,1
2236,тревожного,1
2237,задали,1
2238,стиль,1
2239,современного,1
2240,триллера,1
2241,пересказывать,1
2242,процитирую,1
2243,Дай,1
2244,шиллинга,1
2245,потрачу,1
2246,уеду,1
2247,трех,1
2248,шиллингов,1
2249,шести,1
2250,давай,1
2251,медного,1
2252,грошика,1
2253,ежели,1
2254,скажу,1
2255,вынимает,1
2256,горсть,1
2257,монет,1
2258,кармана,1
2259,отсчитывает,1
2260,просит,1
2261,протягивает,1
2262,тотчас,1
2263,зажимает,1
2264,ладони,1
2265,встает,1
2266,ноги,1
2267,хриплым,1
2268,довольным,1
2269,смехом,1
2270,спасибо,1
2271,здоровья,1
2272,красавчик,1
2273,твое,1
2274,крещеное,1
2275,сонно,1
2276,повторяет,1
2277,убаюканная,1
2278,собственным,1
2279,бормотанием,1
2280,Потом,1
2281,уменьшительное,1
2282,Эдди,1
2283,Бывает,1
2284,краснея,1
2285,повернулась,1
2286,напоследок,1
2287,останавливает,1
2288,хотели,1
2289,скажите,1
2290,Хотела,1
2291,ладно,1
2292,шепну,1
2293,ушко,1
2294,Благодари,1
2295,бога,1
2296,тебя,1
2297,смотрит,1
2298,Опасное,1
2299,Тому,1
2300,Говорят,1
2301,долго,1
2302,небрежно,1
2303,роняет,1
2304,Нэд,1
2305,наверно,1
2306,самую,1
2307,минуту,1
2308,тобой,1
2309,разговариваю,1
2310,женщина,1
2311,нагнувшись,1
2312,уху,1
2313,потрясая,1
2314,пальцем,1
2315,сгорбившись,1
2316,направлению,1
2317,Двухпенсовым,1
2318,номерам,1
2319,проезжающих,1
2320,Невеселое,1
2321,окончание,1
2322,веселого,1
2323,немножко,1
2324,жутко,1
2325,глухом,1
2326,пустыре,1
2327,кругом,1
2328,видны,1
2329,развалины,1
2330,холодок,1
2331,пробегает,1
2332,спине,1
2333,зовет,1
2334,будущий,1
2335,влюбленный,1
2336,невесту,1
2337,связанный,1
2338,старухой,1
2339,Курилкой,1
2340,бредит,1
2341,курильне,1
2342,рассказывая,1
2343,странном,1
2344,путешествии,1
2345,мысленно,1
2346,опиумном,1
2347,бреду,1
2348,знал,1
2349,совершает,1
2350,путешествие,1
2351,знающий,1
2352,будущая,1
2353,жертва,1
2354,кончилось,1
2355,показалось,1
2356,нереальным,1
2357,слушаю,1
2358,медленно,1
2359,шепотом,1
2360,закатив,1
2361,непроглядный,1
2362,мрак,1
2363,подсказывает,1
2364,впадая,1
2365,тон,1
2366,слегка,1
2367,придерживая,1
2368,иначе,1
2369,Путешествие,1
2370,подожди,1
2371,виденье,1
2372,просплю,1
2373,сделалось,1
2374,вызову,1
2375,виденья,1
2376,получше,1
2377,неудачное,1
2378,борьбы,1
2379,сознанья,1
2380,опасности,1
2381,мольбы,1
2382,пощаде,1
2383,отшатывается,1
2384,дрожа,1
2385,телом,1
2386,какое,1
2387,реально,1
2388,некоторым,1
2389,версиям,1
2390,осталось,1
2391,трупа,1
2392,сожжен,1
2393,негашеной,1
2394,известью,1
2395,впрямую,1
2396,умолчание,1
2397,возможных,1
2398,натуралистических,1
2399,Точно,1
2400,старухе,1
2401,исчезнет,1
2402,мистическая,1
2403,аура,1
2404,окружающая,1
2405,впрочем,1
2406,темный,1
2407,спасение,1
2408,склепа,1
2409,содержится,1
2410,Розой,1
2411,заговаривает,1
2412,египтологе,1
2413,Бельцони,1
2414,спасшемся,1
2415,пирамиды,1
2416,подметила,1
2417,Чегодаева,1
2418,прелестная,1
2419,лично,1
2420,радостью,1
2421,признаю,1
2422,Диком,1
2423,таинственным,1
2424,пожилым,1
2425,джентльменом,1
2426,живущим,1
2427,средства,1
2428,Евангелия,1
2429,перечитывал,1
2430,Христа,1
2431,воскресения,1
2432,узнавал,1
2433,Евангелии,1
2434,дорога,1
2435,Эммаус,1
2436,четвертая,1
2437,глава,1
2438,Луки,1
2439,Апостолы,1
2440,спутником,1
2441,узнают,1
2442,удержаны,1
2443,преломил,1
2444,хлеб,1
2445,жест,1
2446,лицо,1
2447,нормальная,1
2448,воскресших,1
2449,случилось,1
2450,земной,1
2451,вид,1
2452,изменился,1
2453,бесповоротно,1
2454,вглядеться,1
2455,несмысленные,1
2456,медлительные,1
2457,сердцем,1
2458,Пьер,1
2459,Наташу,1
2460,Войны,1
2461,понял,1
2462,княжной,1
2463,Марьей,1
2464,сидит,1
2465,милая,1
2466,воскрес,1
2467,мертвых,1
2468,Будем,1
2469,новом,1
2470,друга,1
2471,бледноват,1
2472,узнать,1
2473,преобразиться,1
2474,казалось,1
2475,сыном,1
2476,полагал,1
2477,сына,1
2478,морочить,1
2479,пообещал,1
2480,открыть,1
2481,продавалось,1
2482,встреча,1
2483,королевой,1
2484,гениальным,1
2485,пиаром,1
2486,читала,1
2487,первые,1
2488,выпуски,1
2489,отличается,1
2490,прочих,1
2491,правы,1
2492,закатный,1
2493,рассветный,1
2494,Жертвоприношение,1
2495,Тарковского,1
2496,эпилогом,1
2497,кинематографа,1
2498,прологом,1
2499,нового,1
2500,периода,1
2501,Там,1
2502,экспрессии,1
2503,фраза,1
2504,короче,1
2505,динамичней,1
2506,настоящем,1
2507,эпическом,1
2508,прошедшем,1
2509,зритель,1
2510,созерцатель,1
2511,участник,1
2512,некоторые,1
2513,куски,1
2514,волшебные,1
2515,абзац,1
2516,официантах,1
2517,недвижном,1
2518,летучем,1
2519,одиннадцатой,1
2520,главы,1
2521,Летучий,1
2522,посуду,1
2523,собственных,1
2524,плечах,1
2525,накрыл,1
2526,стол,1
2527,необыкновенной,1
2528,ловкостью,1
2529,корил,1
2530,делает,1
2531,Затем,1
2532,тщательно,1
2533,протер,1
2534,принесенные,1
2535,пересмотрел,1
2536,свет,1
2537,После,1
2538,улицу,1
2539,супом,1
2540,салатом,1
2541,жарким,1
2542,птицей,1
2543,промежутках,1
2544,полеты,1
2545,разными,1
2546,обеденными,1
2547,принадлежностями,1
2548,обнаруживалось,1
2549,забыл,1
2550,рассекал,1
2551,возвращении,1
2552,получал,1
2553,упреки,1
2554,недвижимого,1
2555,нанес,1
2556,тумана,1
2557,запыхался,1
2558,окончании,1
2559,обеда,1
2560,каковому,1
2561,испустил,1
2562,дух,1
2563,важностью,1
2564,перекинув,1
2565,сложенную,1
2566,скатерть,1
2567,возмущенно,1
2568,оглядев,1
2569,расставлявшего,1
2570,столе,1
2571,чистые,1
2572,обратил,1
2573,мистеру,1
2574,Грюджиусу,1
2575,прощальный,1
2576,взор,1
2577,говоривший,1
2578,вознаграждение,1
2579,рабу,1
2580,причитается,1
2581,удалился,1
2582,толкая,1
2583,прямое,1
2584,описание,1
2585,сервиса,1
2586,честертоновских,1
2587,кафкианских,1
2588,гротесков,1
2589,светлейшего,1
2590,лучезарнейшего,1
2591,диккенсовского,1
2592,морского,1
2593,офицера,1
2594,пловца,1
2595,спас,1
2596,тонущую,1
2597,мать,1
2598,неслучайное,1
2599,упоминание,1
2600,Комната,1
2601,навесной,1
2602,сад,1
2603,цветущие,1
2604,бобы,1
2605,грани,1
2606,сказки,1
2607,фантастики,1
2608,счастливый,1
2609,детский,1
2610,кроме,1
2611,разве,1
2612,Андерсен,1
2613,смешное,1
2614,страшное,1
2615,уютно,1
2616,описывал,1
2617,инфантильных,1
2618,чудаков,1
2619,мансарда,1
2620,похожа,1
2621,бабушки,1
2622,Снежной,1
2623,убранный,1
2624,цветами,1
2625,уголок,1
2626,молодоженов,1
2627,Помнишь,1
2628,забудешь,1
2629,Сологуба,1
2630,домик,1
2631,Карлсона,1
2632,Нити,1
2633,влияний,1
2634,протягиваются,1
2635,линии,1
2636,исчерпаны,1
2637,сказочного,1
2638,реализма,1
2639,смещать,1
2640,читательскую,1
2641,оптику,1
2642,неуловимо,1
2643,постепенно,1
2644,повышать,1
2645,экспрессию,1
2646,текста,1
2647,поверит,1
2648,Джеймс,1
2649,Повороте,1
2650,диккенсовской,1
2651,напоминающей,1
2652,сестрах,1
2653,Бронте,1
2654,своих,1
2655,поворот,1
2656,ключевым,1
2657,понятием,1
2658,получилось,1
2659,эквилибристика,1
2660,совершенство,1
2661,стилистический,1
2662,диапазон,1
2663,таковы,1
2664,позапрошлом,1
2665,штуки,1
2666,удавались,1
2667,Булгакову,1
2668,Стругацким,1
2669,пугающе,1
2670,достоверен,1
2671,сказочен,1
2672,символическое,1
2673,прорастает,1
2674,естественностью,1
2675,Иное,1
2676,считывать,1
2677,символику,1
2678,рвется,1
2679,собор,1
2680,символ,1
2681,прочности,1
2682,красоты,1
2683,моральной,1
2684,твердыни,1
2685,подмываемый,1
2686,болотными,1
2687,водами,1
2688,пушкинской,1
2689,системы,1
2690,символов,1
2691,Медном,1
2692,всаднике,1
2693,гранит,1
2694,угнетает,1
2695,болото,1
2696,сметен,1
2697,бурей,1
2698,расплачивается,1
2699,маленький,1
2700,Гранит,1
2701,мощное,1
2702,олицетворение,1
2703,империи,1
2704,взаимодействие,1
2705,гранита,1
2706,болота,1
2707,организовано,1
2708,атмосфере,1
2709,деградирующего,1
2710,гаснущего,1
2711,величия,1
2712,поверить,1
2713,диккенсовские,1
2714,сны,1
2715,светлые,1
2716,мрачные,1
2717,потусторонние,1
2718,Нам,1
2719,гения,1
2720,вмешивается,1
2721,Бог,1
2722,ученик,1
2723,уважительно,1
2724,интимно,1
2725,картине,1
2726,засохнет,1
2727,мазок,1
2728,смиренно,1
2729,умолкнут,1
2730,легенды,1
2731,критики,1
2732,лягут,1
2733,песок,1
2734,отоспимся,1
2735,славу,1
2736,пора,1
2737,покуда,1
2738,даст,1
2739,Творец,1
2740,настоящих,1
2741,творцов,1
2742,перевод,1
2743,Нонны,1
2744,Слепаковой,1
2745,случае,1
2746,вмешался,1
2747,радикально,1
2748,дав,1
2749,идеальную,1
2750,полуслове,1
2751,зрительский,1
2752,читательский,1
2753,долг,1
2754,поблагодарить,1
2755,Господа,1
2756,пейзажи,1
2757,красавиц,1
2758,эстетических,1
2759,достижений,1
2760,продемонстрирует,1
2761,стараться,1
2762,совместная,1
2763,Бога,1
2764,всяким,1
2765,Божьим,1
2766,творением,1
2767,священный,1
2768,трепет,1
2769,посещает,1
2770,музыку,1
2771,соперничество,1
2772,соавторство,1
2773,Богом,1
2774,стремиться,1
2775,родись,1
2776,Диккенсом,1
2777,параллакс,1
2778,низ,1
2779,поддержать,1
2780,Предыдущий,1
2781,Следующий,1
2782,Читайте,1
2783,Шнуров,1
2784,возглавит,1
2785,жюри,1
2786,Национального,1
2787,бестселлера,1
2788,Ежегодная,1
2789,общероссийская,1
2790,литературная,1
2791,премия,1
2792,выбрала,1
2793,финалистов,1
2794,итогам,1
2795,Ильдар,1
2796,Абузяров,1
2797,Максим,1
2798,Кантор,1
2799,стали,1
2800,претендентами,1
2801,Национальный,1
2802,бестселлер,1
2803,шорт,1
2804,лист,1
2805,ежегодной,1
2806,премии,1
2807,сообщил,1
2808,больницу,1
2809,отравления,1
2810,московском,1
2811,госпитале,1
2812,Бурденко,1
2813,записал,1
2814,двухчасовую,1
2815,Один,1
2816,Комментировать,1
2817,Ссылка,1
2818,Поддерживаю,1
2819,редкость,1
2820,правильное,1
2821,неоконченным,1
2822,произведениям,1
2823,Козьмы,1
2824,Пруткова,1
2825,имелись,1
2826,целые,1
2827,портфели,1
2828,Незаконченного,1
2829,написано,1
2830,многословно,1
2831,читается,1
2832,согласиться,1
2833,мнением,1
2834,замечательной,1
2835,Матвеевой,1
2836,неужели,1
2837,Филдинг,1
2838,Смоллет,1
2839,Свифт,1
2840,Стерн,1
2841,Мэтьюрин,1
2842,Скотт,1
2843,Воля,1
2844,Ваша,1
2845,обмишулиться,1
2846,крупнейший,1
2847,романист,1
2848,Англии,1
2849,подходящий,1
2850,семейного,1
2851,Вашем,1
2852,списке,1
2853,уважаемый,1
2854,вкус,1
2855,Теккерея,1
2856,Батлера,1
2857,уважением,1
2858,Поддержка,1
2859,отмечена,1
2860,Отменить,1
2861,Поддержать,1
2862,Ответить,1
2863,Эту,1
2864,реплику,1
2865,поддерживают,1
2866,август,1
2867,участников,1
2868,Приглашения,1
2869,ПОКАЗАТЬ,1
2870,МЕРОПРИЯТИЯ,1
2871,МЕСЯЦА,1
2872,Спросите,1
2873,Константина,1
2874,Богомолова,1
2875,Нюту,1
2876,Федермессер,1
2877,приличных,1
2878,Опять,1
2879,вынудили,1
2880,солидаризироваться,1
2881,дубинкой,1
2882,ВКонтакте,1
2883,Закрыть,1
2884,окно,1
2885,Принципы,1
2886,подсчета,1
2887,СамоеСамое,1
2888,популярное,1
2889,определяем,1
2890,показываем,1
2891,максимальным,1
2892,числом,1
2893,последнюю,1
2894,рейтинг,1
2895,попасть,1
2896,включая,1
2897,запись,1
2898,личном,1
2899,блоге,1
2900,оставляет,1
2901,право,1
2902,убрать,1
2903,противоречащие,1
2904,правилам,1
2905,мера,1
2906,используется,1
2907,крайних,1
2908,Популярное,1
2909,Фигуранта,1
2910,болотного,1
2911,Полиховича,1
2912,суток,1
2913,правомерными,1
2914,сломавших,1
2915,ногу,1
2916,задержанному,1
2917,акцией,1
2918,избиения,1
2919,ТАСС,1
2920,взорвался,1
2921,газ,1
2922,фигуранта,1
2923,Костенка,1
2924,ФБК,1
2925,рассказал,1
2926,внук,1
2927,члена,1
2928,ЦИК,1
2929,четыре,1
2930,купил,1
2931,Парк,1
2932,запланировал,1
2933,протестов,1
2934,пройдут,1
2935,эко,1
2936,Челябинске,1
2937,неизвестный,1
2938,выстрелил,1
2939,лоб,1
2940,пневматического,1
2941,оружия,1
2942,Юрист,1
2943,пожаловался,1
2944,ГИБДД,1
2945,езду,1
2946,мотоцикле,1
2947,шлема,1
2948,Победа,1
2949,заявила,1
2950,кибератаке,1
2951,старте,1
2952,распродажи,1
2953,Присоединиться,1
2954,проекту,1
2955,Присоединяйтесь,1
2956,проекте,1
2957,Привилегии,1
2958,Правила,1
2959,Сотрудники,1
2960,ошибку,1
2961,Дружите,1
2962,журнала,1
2963,Условия,1
2964,использования,1
2965,конфиденциальности,1
2966,Галереи,1
2967,Мотор,1
2968,Хочешь,1
2969,видеть,1
2970,хорошие,1
2971,Жми,1
2972,активирована,1
2973,зона,1
2974,смеха,1
2975,позитива,1
2976,единорожек,1
2977,деактивирована,1
2978,реальный,1
2979,наверх,1
2980,ошибка,1
2981,обработке,1
2982,инклуда,1
2983,Искусство,1
2984,Фотография,1
2985,Вместо,1
2986,новой,1
2987,Миссис,1
2988,международный,1
2989,конкурс,1
2990,отправят,1
2991,другую,1
2992,красавицу,1
2993,Крупнейшая,1
2994,эпидемия,1
2995,животных,1
2996,добралась,1
2997,Водитель,1
2998,пожалел,1
2999,денег,1
3000,доставку,1
3001,придавил,1
3002,ребенка,1
3003,Найдено,1
3004,невозможное,1
3005,древнейшее,1
3006,поселение,1
3007,Сердобольный,1
3008,бортпроводник,1
3009,успокоил,1
3010,младенца,1
3011,самолете,1
3012,пошли,1
3013,грибами,1
3014,нашли,1
3015,выброшенные,1
3016,Почтой,1
3017,посылки,1
3018,Определены,1
3019,пассажиров,1
3020,московского,1
3021,метро,1
3022,Найдена,1
3023,акула,1
3024,Популярные,1
3025,Росгвардии,1
3026,открестились,1
3027,ударившего,1
3028,девушку,1
3029,бойца,1
3030,произошел,1
3031,Порошенко,1
3032,допроса,1
3033,забросали,1
3034,яйцами,1
3035,партнеров,1
3036,ноября,1
3037,вышло,1
3038,шестью,1
3039,ранее,1
3040,блестяще,1
3041,дебютировавшей,1
3042,Таинственным,1
3043,происшествием,1
3044,Стайлз,1
3045,Таинственном,1
3046,происшествии,1
3047,впервые,1
3048,немолодой,1
3049,чудаковатый,1
3050,бельгийский,1
3051,третьим,1
3052,Может,1
3053,магии,1
3054,чисел,1
3055,вехой,1
3056,выкристаллизовался,1
3057,освоившись,1
3058,взялась,1
3059,потрясение,1
3060,основ,1
3061,преуспела,1
3062,Завязка,1
3063,такова,1
3064,английской,1
3065,деревне,1
3066,Кингс,1
3067,Эббот,1
3068,состоятельная,1
3069,вдова,1
3070,местный,1
3071,богач,1
3072,Роджер,1
3073,собиравшийся,1
3074,жениться,1
3075,сообщает,1
3076,своему,1
3077,другу,1
3078,доктору,1
3079,призналась,1
3080,мужа,1
3081,покончила,1
3082,находят,1
3083,убитым,1
3084,Одновременно,1
3085,выясняет,1
3086,соседству,1
3087,поселился,1
3088,удалившийся,1
3089,дел,1
3090,глубинке,1
3091,выращивать,1
3092,тыквы,1
3093,помните,1
3094,Холмс,1
3095,пенсии,1
3096,занялся,1
3097,пчеловодством,1
3098,берется,1
3099,загадочного,1
3100,ходит,1
3101,Ватсон,1
3102,точнее,1
3103,капитан,1
3104,Гастингс,1
3105,ведет,1
3106,происходящего,1
3107,расследования,1
3108,отчет,1
3109,расследовании,1
3110,Невозможно,1
3111,подробно,1
3112,рассказывать,1
3113,Убийстве,1
3114,раскрыв,1
3115,прием,1
3116,выясняется,1
3117,начинающая,1
3118,детективщица,1
3119,одном,1
3120,нарушила,1
3121,сразу,1
3122,несколько,1
3123,важнейших,1
3124,жанровых,1
3125,идти,1
3126,помощник,1
3127,функциональный,1
3128,аналог,1
3129,должно,1
3130,оставаться,1
3131,безнаказанным,1
3132,формально,1
3133,объявляет,1
3134,вслух,1
3135,разоблачил,1
3136,знает,1
3137,возможность,1
3138,самоубийство,1
3139,видом,1
3140,несчастного,1
3141,случая,1
3142,решил,1
3143,поступиться,1
3144,профессиональной,1
3145,гордостью,1
3146,расстраивать,1
3147,сестру,1
3148,удивительного,1
3149,впоследствии,1
3150,выросла,1
3151,Марпл,1
3152,другая,1
3153,любимица,1
3154,предан,1
3155,суду,1
3156,неудачей,1
3157,Неожиданный,1
3158,рукописи,1
3159,опубликовать,1
3160,неудач,1
3161,Странный,1
3162,оборот,1
3163,принимают,1
3164,телевизионную,1
3165,экранизацию,1
3166,Урсуляк,1
3167,Константином,1
3168,Райкиным,1
3169,Сергеем,1
3170,Маковецким,1
3171,вышла,1
3172,нарушением,1
3173,любых,1
3174,оказываются,1
3175,момента,1
3176,нарушения,1
3177,непонятно,1
3178,слепо,1
3179,следовать,1
3180,Совмещение,1
3181,функций,1
3182,повествователя,1
3183,классическом,1
3184,объясняет,1
3185,литературными,1
3186,личностными,1
3187,амбициями,1
3188,обставить,1
3189,заодно,1
3190,романистом,1
3191,минимум,1
3192,второе,1
3193,ведя,1
3194,раскрывает,1
3195,правды,1
3196,спалиться,1
3197,врет,1
3198,уронить,1
3199,достоинство,1
3200,нарушив,1
3201,чистоту,1
3202,поединка,1
3203,неидеальный,1
3204,фантастических,1
3205,допущений,1
3206,невероятных,1
3207,совпадений,1
3208,идеальное,1
3209,талантливому,1
3210,приходится,1
3211,внезапно,1
3212,изобрести,1
3213,некий,1
3214,включающий,1
3215,диктофон,1
3216,определенное,1
3217,алиби,1
3218,помогает,1
3219,обеспечить,1
3220,оказавшийся,1
3221,рядом,1
3222,стюард,1
3223,отправляется,1
3224,трансатлантический,1
3225,рейс,1
3226,недостатки,1
3227,очевидно,1
3228,подчеркивают,1
3229,достоинства,1
3230,безукоризненный,1
3231,идеально,1
3232,соответствующий,1
3233,схеме,1
3234,революционный,1
3235,неудивительно,1
3236,границы,1
3237,дозволенного,1
3238,несерьезным,1
3239,умственного,1
3240,эксперимента,1
3241,разрешить,1
3242,кажущуюся,1
3243,неразрешимой,1
3244,придав,1
3245,рассказа,1
3246,запертой,1
3247,изнутри,1
3248,комнате,1
3249,родилось,1
3250,давшее,1
3251,толчок,1
3252,всему,1
3253,детективному,1
3254,улице,1
3255,Морг,1
3256,Эдгара,1
3257,убийцу,1
3258,повествователем,1
3259,сложности,1
3260,реальному,1
3261,литературному,1
3262,физике,1
3263,поэзии,1
3264,выражаясь,1
3265,пушкинскими,1
3266,словами,1
3267,Объяснение,1
3268,рассказчик,1
3269,феноменальное,1
3270,оборачивается,1
3271,металитературный,1
3272,уровень,1
3273,личиной,1
3274,внешне,1
3275,нормального,1
3276,деревенского,1
3277,обывателя,1
3278,кроется,1
3279,творческая,1
3280,личность,1
3281,творческие,1
3282,амбиции,1
3283,срывают,1
3284,резьбу,1
3285,погружают,1
3286,раж,1
3287,раскольниковском,1
3288,духе,1
3289,предвосхищает,1
3290,ненадежного,1
3291,рассказчика,1
3292,постмодернизма,1
3293,уместно,1
3294,вспомнить,1
3295,кончился,1
3296,модернизм,1
3297,посмертно,1
3298,Замок,1
3299,Кафки,1
3300,Набоков,1
3301,постмодерна,1
3302,дебютирует,1
3303,романистике,1
3304,Машенькой,1
3305,ненадежный,1
3306,повествователь,1
3307,жанровый,1
3308,эксперимент,1
3309,оторвется,1
3310,функции,1
3311,заживет,1
3312,яркой,1
3313,самостоятельной,1
3314,героях,1
3315,Фаулза,1
3316,малая,1
3317,детективная,1
3318,форма,1
3319,процветала,1
3320,Конан,1
3321,Дойль,1
3322,Экройдом,1
3323,доказала,1
3324,романы,1
3325,шедеврами,1
3326,доведется,1
3327,повторить,1
3328,Десятью,1
3329,негритятами,1
3330,сущности,1
3331,Честертоном,1
3332,вывела,1
3333,большую,1
3334,литературу,1
3335,чужда,1
3336,игра,1
3337,выпустила,1
3338,пародий,1
3339,Партнеры,1
3340,скрестила,1
3341,Эркюля,1
3342,персонажами,1
3343,античной,1
3344,мифологии,1
3345,сборнике,1
3346,Подвиги,1
3347,Геракла,1
3348,неясно,1
3349,понимала,1
3350,натворила,1
3351,начинается,1
3352,посвящения,1
3353,сестре,1
3354,Панки,1
3355,любительнице,1
3356,традиционного,1
3357,расследуется,1
3358,Ради,1
3359,госпожи,1
3360,договоримся,1
3361,считать,1
3362,традиционный,1
3363,иронией,1
3364,Кирилл,1
3365,Головастиков,1
3366,Обсудить,1
3367,Пятиметровый,1
3368,Пушкин,1
3369,возвысится,1
3370,Аддис,1
3371,Абебой,1
3372,Коллега,1
3373,усомнился,1
3374,передозировке,1
3375,Голые,1
3376,Каменные,1
3377,гениталии,1
3378,неравные,1
3379,браки,1
3380,измены,1
3381,Нашлась,1
3382,отказа,1
3383,Мстителей,1
3384,хоронить,1
3385,мертвую,1
3386,героиню,1
3387,Звезда,1
3388,Тельмы,1
3389,Луизы,1
3390,рассказала,1
3391,приставаниях,1
3392,кинопробах,1
3393,Диджей,1
3394,Жанна,1
3395,Рассказова,1
3396,умерла,1
3397,Родителям,1
3398,двойняшек,1
3399,подарили,1
3400,наборы,1
3401,Навсегда,1
3402,останусь,1
3403,охотником,1
3404,Анатолий,1
3405,Кашпировский,1
3406,косяке,1
3407,шарлатанстве,1
3408,удалась,1
3409,Погибших,1
3410,наградили,1
3411,орденами,1
3412,Мужества,1
3413,полыхает,1
3414,тушат,1
3415,пожары,1
3416,Сибири,1
3417,лесом,1
3418,животными,1
3419,газа,1
3420,Продали,1
3421,корову,1
3422,купили,1
3423,автомат,1
3424,дагестанцы,1
3425,первыми,1
3426,встретили,1
3427,боевиков,1
3428,Басаева,1
3429,спасли,1
3430,Стало,1
3431,состоянии,1
3432,избитой,1
3433,Ингушетии,1
3434,девочки,1
3435,ампутированной,1
3436,Старейшины,1
3437,обменивали,1
3438,предков,1
3439,обращали,1
3440,рабство,1
3441,увозили,1
3442,океан,1
3443,Спустя,1
3444,забыли,1
3445,отправили,1
3446,Турцию,1
3447,решения,1
3448,вопроса,1
3449,Сирии,1
3450,Индустрия,1
3451,несвободы,1
3452,тюрьмы,1
3453,превращают,1
3454,американцев,1
3455,рабов,1
3456,зарабатывают,1
3457,привлекут,1
3458,обсуждению,1
3459,Украины,1
3460,боли,1
3461,бунтующую,1
3462,оппозицию,1
3463,террористами,1
3464,ДНР,1
3465,обвинила,1
3466,Киев,1
3467,подготовке,1
3468,силовому,1
3469,решению,1
3470,конфликта,1
3471,Солдаты,1
3472,Рижские,1
3473,омоновцы,1
3474,защищали,1
3475,отдали,1
3476,трибунал,1
3477,Перемирие,1
3478,Донбассе,1
3479,геноцидом,1
3480,Экс,1
3481,Алмазбек,1
3482,намеков,1
3483,покинул,1
3484,пост,1
3485,революций,1
3486,арестовал,1
3487,преемник,1
3488,устроил,1
3489,массовые,1
3490,увольнения,1
3491,силовиков,1
3492,янтарной,1
3493,коррупции,1
3494,Пока,1
3495,Спецназ,1
3496,дважды,1
3497,штурмовал,1
3498,резиденцию,1
3499,экс,1
3500,Атамбаева,1
3501,вынудил,1
3502,уволиться,1
3503,бесполезного,1
3504,украинского,1
3505,чиновника,1
3506,Кортежа,1
3507,похвалили,1
3508,богаты,1
3509,накормит,1
3510,своими,1
3511,органическими,1
3512,продуктами,1
3513,принесет,1
3514,миллиарды,1
3515,Цены,1
3516,лекарства,1
3517,предложили,1
3518,кардинально,1
3519,изменить,1
3520,Спасение,1
3521,утопающего,1
3522,компания,1
3523,построила,1
3524,идет,1
3525,дну,1
3526,Торговая,1
3527,потащила,1
3528,Финским,1
3529,бездомным,1
3530,раздали,1
3531,оказалось,1
3532,выгодно,1
3533,Союзмультфильм,1
3534,поделили,1
3535,Бременских,1
3536,поисках,1
3537,короля,1
3538,вор,1
3539,должен,1
3540,возглавить,1
3541,криминал,1
3542,Ему,1
3543,помогал,1
3544,Полиция,1
3545,жесткого,1
3546,Зоны,1
3547,невозврата,1
3548,Колонии,1
3549,пожизненно,1
3550,осужденных,1
3551,Спецпроект,1
3552,Ленты,1
3553,Вор,1
3554,законе,1
3555,лидер,1
3556,ОПГ,1
3557,Рашидовские,1
3558,СИЗО,1
3559,вымогательство,1
3560,миллиона,1
3561,Василий,1
3562,Комаров,1
3563,забивают,1
3564,скотину,1
3565,маньяк,1
3566,держал,1
3567,страхе,1
3568,Москву,1
3569,напали,1
3570,росгвардейцев,1
3571,ради,1
3572,дружбы,1
3573,взорвавшегося,1
3574,специзделия,1
3575,Буря,1
3576,воде,1
3577,испытывали,1
3578,Северодвинске,1
3579,погибли,1
3580,семь,1
3581,Белом,1
3582,ограничили,1
3583,лов,1
3584,рыбы,1
3585,Космические,1
3586,монстры,1
3587,Астрономы,1
3588,гигантские,1
3589,сооружения,1
3590,космосе,1
3591,началось,1
3592,ученого,1
3593,Станции,1
3594,ОДВЗЯИ,1
3595,зафиксировали,1
3596,Слухи,1
3597,радиации,1
3598,ракеты,1
3599,корабли,1
3600,причинах,1
3601,Гол,1
3602,новичка,1
3603,Тоттенхэма,1
3604,первом,1
3605,туре,1
3606,Камила,1
3607,Валиева,1
3608,макушечку,1
3609,поцеловал,1
3610,Тутберидзе,1
3611,растит,1
3612,звезду,1
3613,прочат,1
3614,победу,1
3615,Олимпиаде,1
3616,Футболистов,1
3617,Арсенала,1
3618,втянули,1
3619,войну,1
3620,мафии,1
3621,Второй,1
3622,бой,1
3623,Руиса,1
3624,Джошуа,1
3625,официально,1
3626,подтвердили,1
3627,Осака,1
3628,бездомной,1
3629,Японская,1
3630,теннисистка,1
3631,одолела,1
3632,Серену,1
3633,Уильямс,1
3634,корте,1
3635,Скоро,1
3636,заберет,1
3637,боец,1
3638,обесценил,1
3639,призовые,1
3640,миллион,1
3641,раскачки,1
3642,Разгромные,1
3643,победы,1
3644,Ливерпуля,1
3645,Челси,1
3646,нельзя,1
3647,пропустить,1
3648,старт,1
3649,ГУЛАГ,1
3650,память,1
3651,Испанские,1
3652,фотографы,1
3653,Соловках,1
3654,следы,1
3655,лагерей,1
3656,оказались,1
3657,адом,1
3658,раем,1
3659,Идущие,1
3660,сквозь,1
3661,миры,1
3662,снимках,1
3663,фантазия,1
3664,лучших,1
3665,фотографов,1
3666,переплетается,1
3667,реальностью,1
3668,Певец,1
3669,Александр,1
3670,Серов,1
3671,подал,1
3672,Пусть,1
3673,Призрак,1
3674,Чернобыля,1
3675,Фотограф,1
3676,рискнул,1
3677,взорвавшийся,1
3678,реактор,1
3679,годы,1
3680,катастрофы,1
3681,Колоритный,1
3682,телесюжета,1
3683,покорил,1
3684,искренностью,1
3685,Оргазм,1
3686,ушей,1
3687,Российской,1
3688,выстрелили,1
3689,голову,1
3690,использовали,1
3691,Меган,1
3692,Маркл,1
3693,рекламы,1
3694,БАДов,1
3695,Папины,1
3696,дочки,1
3697,наследницы,1
3698,постсоветских,1
3699,правителей,1
3700,роднит,1
3701,детьми,1
3702,Сталина,1
3703,Брежнева,1
3704,Кэмпбелл,1
3705,Белла,1
3706,Хадид,1
3707,снялись,1
3708,нижнем,1
3709,белье,1
3710,рекламе,1
3711,узлом,1
3712,шее,1
3713,Зачем,1
3714,мужчины,1
3715,надели,1
3716,галстук,1
3717,продолжают,1
3718,носить,1
3719,люксовые,1
3720,автомобили,1
3721,плоти,1
3722,прошел,1
3723,мимо,1
3724,сластолюбца,1
3725,Райские,1
3726,девственницы,1
3727,праздник,1
3728,обрезания,1
3729,роскошная,1
3730,завоевателя,1
3731,Константинополя,1
3732,Прозрачные,1
3733,водонепроницаемые,1
3734,пляжные,1
3735,шорты,1
3736,возмутили,1
3737,Голодные,1
3738,медведи,1
3739,перекрыли,1
3740,маршрут,1
3741,Камчатке,1
3742,убить,1
3743,надеюсь,1
3744,сделаю,1
3745,ненависти,1
3746,отправился,1
3747,Ботсвану,1
3748,Тарантино,1
3749,Обломки,1
3750,самолета,1
3751,ранили,1
3752,повредили,1
3753,машин,1
3754,настоящая,1
3755,Хоббиты,1
3756,бобры,1
3757,лесные,1
3758,лабиринты,1
3759,ехать,1
3760,Чешскую,1
3761,Швейцарию,1
3762,Грузия,1
3763,потеряла,1
3764,месяц,1
3765,запрета,1
3766,авиасообщение,1
3767,Россией,1
3768,пьешь,1
3769,вино,1
3770,водка,1
3771,россиянин,1
3772,добрался,1
3773,Намибии,1
3774,очутился,1
3775,компании,1
3776,уголовников,1
3777,проституток,1
3778,Суперъяхта,1
3779,врезалась,1
3780,причал,1
3781,сорвала,1
3782,туристам,1
3783,ужин,1
3784,заключенный,1
3785,носил,1
3786,животе,1
3787,зубную,1
3788,щетку,1
3789,Тристан,1
3790,Бодет,1
3791,Эрика,1
3792,Малибу,1
3793,случиться,1
3794,тихом,1
3795,американском,1
3796,городке,1
3797,убивает,1
3798,Гигантский,1
3799,паук,1
3800,расправился,1
3801,летучей,1
3802,мышью,1
3803,глазах,1
3804,Крис,1
3805,Дэнси,1
3806,дедушка,1
3807,киборг,1
3808,научился,1
3809,полностью,1
3810,контролировать,1
3811,изменилась,1
3812,выиграл,1
3813,мультимиллионером,1
3814,никакого,1
3815,порядка,1
3816,россиянки,1
3817,Сингапуре,1
3818,Нелепая,1
3819,прическа,1
3820,насмешила,1
3821,сети,1
3822,обновленного,1
3823,Узнаем,1
3824,поменялось,1
3825,конкуренте,1
3826,рестайлинга,1
3827,Запорожец,1
3828,рублей,1
3829,среднемоторный,1
3830,горбатый,1
3831,Самый,1
3832,дорогой,1
3833,частичка,1
3834,гоночной,1
3835,рисует,1
3836,дизайнер,1
3837,Шкоды,1
3838,Олдтаймеры,1
3839,спорткары,1
3840,одетые,1
3841,Туркменистана,1
3842,захотел,1
3843,путинские,1
3844,лимузины,1
3845,Представлен,1
3846,мощный,1
3847,серийный,1
3848,внедорожник,1
3849,закрылся,1
3850,автомобильный,1
3851,завод,1
3852,Расходы,1
3853,недвижимость,1
3854,обвалились,1
3855,Сносят,1
3856,крышу,1
3857,выглядят,1
3858,лучшие,1
3859,планеты,1
3860,Жилье,1
3861,подорожало,1
3862,Горящая,1
3863,земля,1
3864,бегут,1
3865,города,1
3866,бросая,1
3867,жилье,1
3868,купит,1
3869,Российские,1
3870,аэропорты,1
3871,решили,1
3872,застроить,1
3873,жильем,1
3874,Нескорая,1
3875,помощь,1
3876,Ипотеку,1
3877,доступнее,1
3878,россиян,1
3879,Радоваться,1
3880,рано,1
3881,данные,1
3882,дешевых,1
3883,съемных,1
3884,квартирах,1
3885,Нацпроекты,1
3886,Ставка,1
3887,сухое,1
3888,собралась,1
3889,напоить,1
3890,вином,1
3891,Франции,1
3892,подвинуться,1
3893,Реальный,1
3894,форсаж,1
3895,Новый,1
3896,мегапроект,1
3897,разгонит,1
3898,Сколько,1
3899,стоить,1
3900,бесятся,1
3901,сортировать,1
3902,мусор,1
3903,Над,1
3904,смеются,1
3905,соседи,1
3906,очистили,1
3907,мусора,1
3908,километров,1
3909,речных,1
3910,берегов,1
3911,Урале,1
3912,развернут,1
3913,масштабное,1
3914,строительство,1
3915,Приморье,1
3916,начали,1
3917,массово,1
3918,ремонтировать,1
3919,дороги,1
3920,построят,1
3921,паромы,1
3922,связи,1
3923,Камчатки,1
3924,Дальним,1
3925,Востоком,1
3926,опечатку,1
3927,Нажмите,1
3928,Пресс,1
3929,релизы,1
3930,Техподдержка,1
3931,Телеканал,1
3932,Изо,1
3933,Ток,1
3934,страница,1
3935,телеканале,1
3936,пресс,1
3937,центр,1
3938,партнеры,1
3939,контакты,1
3940,воскресенье,1
3941,Парижский,1
3942,журнал,1
3943,Розанова,1
3944,Достояние,1
3945,республики,1
3946,Усадьба,1
3947,Авдотьино,1
3948,Семен,1
3949,Лунгин,1
3950,Илья,1
3951,Нусинов,1
3952,Щербатов,1
3953,Больше,1
3954,любовь,1
3955,Жан,1
3956,Сартр,1
3957,Симона,1
3958,Бовуар,1
3959,Чаадаев,1
3960,Били,1
3961,раза,1
3962,Зощенко,1
3963,Данилевский,1
3964,Константин,1
3965,Леонтьев,1
3966,Антон,1
3967,Павлович,1
3968,Чехов,1
3969,Средство,1
3970,запоя,1
3971,Рок,1
3972,Эхо,1
3973,любим,1
3974,полуночи,1
3975,Тяга,1
3976,неизбывна,1
3977,узнавать,1
3978,слушать,1
3979,Можно,1
3980,признаваться,1
3981,меняется,1
3982,Жанр,1
3983,популярнейшим,1
3984,будь,1
3985,вымышленным,1
3986,документальным,1
3987,стесняться,1
3988,глупые,1
3989,сказывается,1
3990,темное,1
3991,порочные,1
3992,наклонности,1
3993,срабатывает,1
3994,спрятанный,1
3995,каждом,1
3996,самосохранения,1
3997,хорошем,1
3998,детективе,1
3999,рассказах,1
4000,дороже,1
4001,криминальный,1
4002,покоя,1
4003,парадоксальным,1
4004,разлитое,1
4005,историям,1
4006,привлекательность,1
4007,произошло,1
4008,кем,1
4009,изодранный,1
4010,трясущийся,1
4011,кровоподтеках,1
4012,расширенными,1
4013,гляжу,1
4014,взломанный,1
4015,ящик,1
4016,стола,1
4017,странной,1
4018,позе,1
4019,мое,1
4020,обводят,1
4021,контуру,1
4022,мелом,1
4023,диване,1
4024,естественнее,1
4025,уютнее,1
4026,газетой,1
4027,испытываю,1
4028,дрожащим,1
4029,оцепеневшим,1
4030,неподвижным,1
4031,жалости,1
4032,сочувствия,1
4033,благодарности,1
4034,печати,1
4035,Петра,1
4036,Вайля,1
4037,Чуковский,1
4038,Корней,1
4039,писателе,1
4040,Литературное,1
4041,Переделкино,1
4042,Гоголь,1
4043,Васильевич,1
4044,Бендер,1
4045,блистательный,1
4046,остроумец,1
4047,артист,1
4048,невзрачный,1
4049,размытый,1
4050,неинтересный,1
4051,унылый,1
4052,обтекаемый,1
4053,Чичиков,1
4054,Юрьевич,1
4055,непонятное,1
4056,прозаическое,1
4057,сопоставим,1
4058,современником,1
4059,Дюма,1
4060,правильном,1
4061,прочтении,1
4062,рассмотрении,1
4063,захватывающе,1
4064,происходит,1
4065,пестрых,1
4066,волнующих,1
4067,кавказских,1
4068,декорациях,1
4069,Читает,1
4070,Борис,1
4071,Плотников,1
4072,произвели,1
4073,сильное,1
4074,общественное,1
4075,воздействие,1
4076,словесности,1
4077,тургеневские,1
4078,Чернышевского,1
4079,Исаак,1
4080,Вечный,1
4081,спор,1
4082,формой,1
4083,содержанием,1
4084,решает,1
4085,пользу,1
4086,формы,1
4087,Бабеле,1
4088,вырвался,1
4089,традиций,1
4090,бытописания,1
4091,залил,1
4092,цветом,1
4093,мощными,1
4094,красками,1
4095,Матисс,1
4096,Кафке,1
4097,Художник,1
4098,связан,1
4099,местом,1
4100,творит,1
4101,Такая,1
4102,неизбежна,1
4103,Просто,1
4104,ниточка,1
4105,заметна,1
4106,рассмотреть,1
4107,Случай,1
4108,Кафкой,1
4109,наглядных,1
4110,уверен,1
4111,Библейского,1
4112,ненавязчиво,1
4113,показательно,1
4114,напоминают,1
4115,существует,1
4116,традиции,1
4117,создаются,1
4118,опыта,1
4119,Едва,1
4120,напоминали,1
4121,старались,1
4122,вспоминать,1
4123,Табаков,1
4124,Мастерские,1
4125,изделия,1
4126,скрупулезной,1
4127,отделкой,1
4128,пустяков,1
4129,вечерам,1
4130,фильмы,1
4131,участием,1
4132,Олега,1
4133,Театральную,1
4134,летопись,1
4135,Ошибки,1
4136,либерала,1
4137,Деникин,1
4138,наибольшей,1
4139,выразительной,1
4140,полноте,1
4141,воплотил,1
4142,образованного,1
4143,сословия,1
4144,Добровольческой,1
4145,армии,1
4146,генерала,1
4147,композиторе,1
4148,идеологом,1
4149,органичным,1
4150,художником,1
4151,таланта,1
4152,естественным,1
4153,существовал,1
4154,Сомненья,1
4155,страсти,1
4156,Честные,1
4157,Гибель,1
4158,мечты,1
4159,начался,1
4160,Титаника,1
4161,Утонул,1
4162,пошла,1
4163,установка,1
4164,рациональность,1
4165,позитивизм,1
4166,разумное,1
4167,решение,1
4168,человеческих,1
4169,сложностей,1
4170,серию,1
4171,Дворцовые,1
4172,придворное,1
4173,разрешенное,1
4174,привилегированное,1
4175,Его,1
4176,правда,1
4177,отведенных,1
4178,Карманная,1
4179,оппозиция,1
4180,Чайковский,1
4181,Чайковского,1
4182,выставке,1
4183,Несравненная,1
4184,итальянская,1
4185,гармония,1
4186,учились,1
4187,итальянцев,1
4188,народы,1
4189,судьбе,1
4190,ток,1
4191,шоу,1
4192,Архангельским,1
4193,географией,1
4194,спектакле,1
4195,Островский,1
4196,оказался,1
4197,живым,1
4198,актуальным,1
4199,появлением,1
4200,реальных,1
4201,сценических,1
4202,дельцов,1
4203,предпринимателей,1
4204,возвращением,1
4205,терминов,1
4206,давно,1
4207,снабженных,1
4208,словарях,1
4209,пометкой,1
4210,устар,1
4211,вексель,1
4212,закладная,1
4213,Фестиваля,1
4214,императорских,1
4215,театров,1
4216,Авторское,1
4217,коротко,1
4218,упрощенно,1
4219,исчерпывается,1
4220,личностью,1
4221,режиссера,1
4222,оператор,1
4223,сценариста,1
4224,Росселини,1
4225,закладывал,1
4226,основы,1
4227,выросли,1
4228,Тарковский,1
4229,Алексей,1
4230,Герман,1
4231,сильно,1
4232,опередила,1
4233,первой,1
4234,женщин,1
4235,сделав,1
4236,центральным,1
4237,персонажем,1
4238,само,1
4239,осталась,1
4240,Консуэло,1
4241,жорж,1
4242,зандка,1
4243,выступлении,1
4244,натяжки,1
4245,дирижировал,1
4246,новейшей,1
4247,уроженец,1
4248,Бомбея,1
4249,аристократической,1
4250,семьи,1
4251,парсов,1
4252,исповедующих,1
4253,религию,1
4254,огнепоклонников,1
4255,получивший,1
4256,музыкальное,1
4257,образование,1
4258,Вене,1
4259,выступление,1
4260,Фестивале,1
4261,взмывает,1
4262,летит,1
4263,Москвой,1
4264,автомобиле,1
4265,автомобиль,1
4266,американский,1
4267,бьюик,1
4268,Советская,1
4269,Золушка,1
4270,вернулась,1
4271,голливудским,1
4272,истокам,1
4273,рубрике,1
4274,Шедевры,1
4275,старого,1
4276,Оркестровая,1
4277,яма,1
4278,классической,1
4279,музыке,1
4280,присутствует,1
4281,чистом,1
4282,достояние,1
4283,немногих,1
4284,концентрата,1
4285,раствор,1
4286,слушаем,1
4287,классику,1
4288,больших,1
4289,количествах,1
4290,думаем,1
4291,подозреваем,1
4292,Сказание,1
4293,невидимом,1
4294,граде,1
4295,Китеже,1
4296,опере,1
4297,опускается,1
4298,озеро,1
4299,Светлояр,1
4300,впадения,1
4301,Керженца,1
4302,Волгу,1
4303,Макарьевский,1
4304,монастырь,1
4305,окрестностях,1
4306,Григорово,1
4307,Вальдеманово,1
4308,родились,1
4309,яростных,1
4310,протопоп,1
4311,патриарх,1
4312,Никон,1
4313,непримиримые,1
4314,враги,1
4315,Стефан,1
4316,напоминал,1
4317,цыганского,1
4318,ресторанного,1
4319,скрипача,1
4320,четвертой,1
4321,рюмки,1
4322,хочется,1
4323,плакать,1
4324,любить,1
4325,ресторанов,1
4326,уровня,1
4327,Джем,1
4328,играет,1
4329,Чаплин,1
4330,пацифизме,1
4331,политический,1
4332,пацифизм,1
4333,ничуть,1
4334,мешает,1
4335,маленького,1
4336,плечо,1
4337,спорте,1
4338,играло,1
4339,такую,1
4340,важную,1
4341,поэтике,1
4342,стилистике,1
4343,Козинцев,1
4344,Григорий,1
4345,Гамлете,1
4346,Григория,1
4347,вековая,1
4348,традиция,1
4349,мучительного,1
4350,умствования,1
4351,высокого,1
4352,словоговорения,1
4353,Григорю,1
4354,Козинцеву,1
4355,цикл,1
4356,Гражданская,1
4357,выходила,1
4358,называемой,1
4359,зоны,1
4360,актуальности,1
4361,Попросту,1
4362,красных,1
4363,белых,1
4364,Разумеется,1
4365,формуле,1
4366,обязан,1
4367,против,1
4368,Дорога,1
4369,большой,1
4370,маленькой,1
4371,буквы,1
4372,нарицательным,1
4373,синонимом,1
4374,целого,1
4375,многих,1
4376,олицетворением,1
4377,какого,1
4378,особого,1
4379,такового,1
4380,Филолог,1
4381,Игоре,1
4382,Моисееве,1
4383,концерт,1
4384,Государственного,1
4385,академического,1
4386,ансамбля,1
4387,народного,1
4388,танца,1
4389,Художественный,1
4390,руководитель,1
4391,занимался,1
4392,ставил,1
4393,контекст,1
4394,Камаринская,1
4395,помещалась,1
4396,хабанерой,1
4397,танцем,1
4398,аргентинских,1
4399,гаучо,1
4400,Многоцветье,1
4401,разноголосие,1
4402,наглядным,1
4403,органичной,1
4404,режиссер,1
4405,Тони,1
4406,поколения,1
4407,подвижном,1
4408,культурное,1
4409,поколение,1
4410,совпадает,1
4411,биологическим,1
4412,культурные,1
4413,коды,1
4414,сменяются,1
4415,каждые,1
4416,знаменитого,1
4417,думающего,1
4418,заставляют,1
4419,задумываться,1
4420,сегодняшними,1
4421,вопросами,1
4422,музыканте,1
4423,квартете,1
4424,летию,1
4425,Валентина,1
4426,Берлинского,1
4427,Бородинцы,1
4428,запомнились,1
4429,Копельман,1
4430,Абраменков,1
4431,Шебалин,1
4432,солисты,1
4433,производили,1
4434,становилось,1
4435,результатом,1
4436,сложения,1
4437,умножения,1
4438,отражал,1
4439,всякий,1
4440,воссоздавал,1
4441,заново,1
4442,Ничего,1
4443,стоило,1
4444,настоящее,1
4445,моря,1
4446,сделал,1
4447,пластика,1
4448,павильоне,1
4449,Чинечитта,1
4450,показывают,1
4451,Современное,1
4452,прочтение,1
4453,Идиота,1
4454,наведение,1
4455,крупного,1
4456,плана,1
4457,Ивана,1
4458,Пырьева,1
4459,общий,1
4460,средний,1
4461,планы,1
4462,стихия,1
4463,скандала,1
4464,изображать,1
4465,скандалы,1
4466,Пырьев,1
4467,чаю,1
4468,просят,1
4469,расстаются,1
4470,Документальная,1
4471,камера,1
4472,Документальное,1
4473,погоне,1
4474,рейтингом,1
4475,Документ,1
4476,Показалось,1
4477,вымысел,1
4478,неправда,1
4479,доверять,1
4480,хоть,1
4481,степени,1
4482,документу,1
4483,свидетельству,1
4484,очевидца,1
4485,Отсюда,1
4486,колоссальный,1
4487,программ,1
4488,замечательные,1
4489,названия,1
4490,обсуждать,1
4491,каждое,1
4492,отдельности,1
4493,отметить,1
4494,заголовок,1
4495,вызывать,1
4496,некоторое,1
4497,негодование,1
4498,утверждения,1
4499,архив,1
4500,передачи,1
4501,Беседы,1
4502,Гений,1
4503,места,1
4504,Петром,1
4505,Вайлем,1
4506,Медные,1
4507,трубы,1
4508,Написано,1
4509,войной,1
4510,Порядок,1
4511,Разночтения,1
4512,Серебро,1
4513,чернь,1
4514,Фабрика,1
4515,памяти,1
4516,Экология,1
4517,Боровиковский,1
4518,мультипликации,1
4519,Щелкунчик,1
4520,карта,1
4521,форум,1
4522,рассылка,1
4523,Обнаружив,1
4524,неточность,1
4525,тексте,1
4526,выделите,1
4527,нажмите,1
4528,Государственный,1
4529,видетельство,1
4530,регистрации,1
4531,декабря,1
4532,любые,1
4533,соответствии,1
4534,российским,1
4535,международным,1
4536,законодательством,1
4537,авторском,1
4538,праве,1
4539,смежных,1
4540,правах,1
4541,любом,1
4542,использовании,1
4543,аудио,1
4544,фото,1
4545,видеоматериалов,1
4546,полной,1
4547,частичной,1
4548,перепечатке,1
4549,материалов,1
4550,Интернете,1
4551,гиперссылка,1
4552,Дизайн,1
4553,Елена,1
4554,Китаева,1
4555,Адрес,1
4556,почты,1
4557,Техническая,1
4558,поддержка,1
4559,Дирекция,1
4560,ВГТРК,1
4561,зарубежный,1
4562,писатели,1
4563,агата,1
4564,кристи,1
4565,сименон,1
4566,конан,1
4567,дойл,1
4568,рекс,1
4569,стаут,1
4570,дик,1
4571,френсис,1
4572,росс,1
4573,макдональд,1
4574,гарднер,1
4575,спиллейн,1
4576,флеминг,1
4577,чейз,1
4578,зарубежных,1
4579,биографии,1
4580,аннотации,1
4581,интересная,1
4582,исключено,1
4583,настанет,1
4584,историки,1
4585,рассуждая,1
4586,произведениях,1
4587,созданных,1
4588,английском,1
4589,языке,1
4590,бегло,1
4591,остановятся,1
4592,сочинениях,1
4593,серьезных,1
4594,сосредоточат,1
4595,обширной,1
4596,разнообразной,1
4597,детективистов,1
4598,ответить,1
4599,объясняется,1
4600,неслыханная,1
4601,популярность,1
4602,спорное,1
4603,примечательное,1
4604,высказывание,1
4605,критику,1
4606,детективной,1
4607,известному,1
4608,английскому,1
4609,писателю,1
4610,Вильяму,1
4611,Сомерсету,1
4612,Моэму,1
4613,Являясь,1
4614,протяжении,1
4615,ста,1
4616,популярным,1
4617,литературным,1
4618,отсутствует,1
4619,Рунете,1
4620,Сделав,1
4621,запрос,1
4622,поисковой,1
4623,машине,1
4624,получите,1
4625,лайн,1
4626,магазины,1
4627,электронные,1
4628,библиотеки,1
4629,Заинтересованный,1
4630,продажах,1
4631,напротив,1
4632,сделает,1
4633,короткую,1
4634,пометку,1
4635,электронном,1
4636,варианте,1
4637,любителя,1
4638,покупать,1
4639,желательно,1
4640,представляет,1
4641,иной,1
4642,цель,1
4643,ставит,1
4644,данный,1
4645,дать,1
4646,краткую,1
4647,субъективную,1
4648,оценку,1
4649,писателям,1
4650,основном,1
4651,посвящен,1
4652,английским,1
4653,американским,1
4654,уверенно,1
4655,заявившим,1
4656,детективном,1
4657,пределами,1
4658,обозрения,1
4659,причине,1
4660,мелкого,1
4661,неинтересного,1
4662,назидательного,1
4663,тона,1
4664,повествования,1
4665,исключение,1
4666,братьев,1
4667,Вайнеров,1
4668,Юлиана,1
4669,Семенова,1
4670,вероятнее,1
4671,имеют,1
4672,ресурсы,1
4673,Инете,1
4674,Обсуждать,1
4675,российские,1
4676,издания,1
4677,смысла,1
4678,утолить,1
4679,голод,1
4680,достаточно,1
4681,информационные,1
4682,Рассылки,1
4683,Современный,1
4684,кровавый,1
4685,рекордно,1
4686,короткие,1
4687,сроки,1
4688,стремится,1
4689,поразить,1
4690,трупов,1
4691,рассматриваться,1
4692,всерьез,1
4693,литературное,1
4694,самостоятельное,1
4695,вряд,1
4696,Вполне,1
4697,возможно,1
4698,выборе,1
4699,иного,1
4700,Аннотации,1
4701,помещенные,1
4702,книжных,1
4703,изданиях,1
4704,глубиной,1
4705,данную,1
4706,включены,1
4707,нескольких,1
4708,известных,1
4709,предисловие,1
4710,удобно,1
4711,держит,1
4712,напряжении,1
4713,узнаете,1
4714,Данный,1
4715,проект,1
4716,определенном,1
4717,посетителей,1
4718,вероятно,1
4719,расширяться,1
4720,открыт,1
4721,сотрудничества,1
4722,пожелания,1
4723,дополнению,1
4724,обзора,1
4725,участию,1
4726,помещать,1
4727,Гостевую,1
4728,детективу,1
4729,признавался,1
4730,комментариев,1
4731,Ошибка,1
4732,Дорогой,1
4733,посетитель,1
4734,попали,1
4735,страницу,1
4736,пришли,1
4737,неправильная,1
4738,документ,1
4739,открывался,1
4740,ссылке,1
4741,перемещен,1
4742,раздел,1
4743,спешите,1
4744,уходить,1
4745,Используйте,1
4746,отыскать,1
4747,категории,1
4748,обзоры,1
4749,драйвы,1
4750,новых,1
4751,автомобилей,1
4752,инвестиции,1
4753,идеи,1
4754,бизнеса,1
4755,Финансовые,1
4756,развлечений,1
4757,отдыха,1
4758,игр,1
4759,отдыхе,1
4760,фильмов,1
4761,сериалов,1
4762,приятного,1
4763,касаются,1
4764,Здоровья,1
4765,ухода,1
4766,полезных,1
4767,процедур,1
4768,традиционной,1
4769,нетрадиционной,1
4770,медицины,1
4771,женскую,1
4772,мужскую,1
4773,красоту,1
4774,способы,1
4775,привлекательнее,1
4776,выбору,1
4777,одежды,1
4778,косметики,1
4779,аксессуаров,1
4780,моды,1
4781,сферы,1
4782,строительства,1
4783,недвижимости,1
4784,ремонта,1
4785,Акции,1
4786,компаний,1
4787,жилые,1
4788,районы,1
4789,ремонту,1
4790,обустройству,1
4791,жилья,1
4792,Политические,1
4793,Мира,1
4794,Актуальная,1
4795,общественной,1
4796,отдых,1
4797,спортивной,1
4798,Главные,1
4799,спорта,1
4800,предстоящих,1
4801,мероприятий,1
4802,Строительство,1
4803,разработки,1
4804,области,1
4805,мобильного,1
4806,рынка,1
4807,компьютерной,1
4808,медиа,1
4809,туризма,1
4810,Мире,1
4811,странах,1
4812,СНГ,1
4813,отели,1
4814,туры,1
4815,выгодные,1
4816,направления,1
4817,Свежие,1
4818,записи,1
4819,становления,1
4820,особенности,1
4821,производителей,1
4822,пива,1
4823,Таможенный,1
4824,представитель,1
4825,обязанности,1
4826,кэжуал,1
4827,одежду,1
4828,Инвестиции,1
4829,Вклады,1
4830,населения,1
4831,ПИФы,1
4832,Форекс,1
4833,выгоднее,1
4834,обсуждают,1
4835,меню,1
4836,Вся,1
4837,Портале,1
4838,предоставлена,1
4839,ознакомительных,1
4840,информационных,1
4841,целях,1
4842,Любое,1
4843,копирование,1
4844,изображений,1
4845,публикация,1
4846,перепечатка,1
4847,любое,1
4848,распространение,1
4849,запрещается,1
4850,активной,1
4851,источник,1
4852,техподдержка,1
4853,началу,1
4854,прошлое,1
4855,Аноним,1
4856,Русский,1
4857,Базар,1
4858,бесплатные,1
4859,бесплатное,1
4860,объявление,1
4861,Америка,1
4862,Денвер,1
4863,Калифорния,1
4864,знакомства,1
4865,иммиграция,1
4866,легализация,1
4867,русскоязычне,1
4868,пресса,1
4869,продать,1
4870,русскоязычные,1
4871,адвокаты,1
4872,остановиться,1
4873,Брайтон,1
4874,общежитие,1
4875,гостиница,1
4876,эммигранты,1
4877,виза,1
4878,изменение,1
4879,статуса,1
4880,визы,1
4881,учиться,1
4882,русская,1
4883,америка,1
4884,контакте,1
4885,Вход,1
4886,личный,1
4887,Напомнить,1
4888,Получить,1
4889,Объявления,1
4890,Наши,1
4891,Нузов,1
4892,относились,1
4893,Александры,1
4894,Марининой,1
4895,изъять,1
4896,современной,1
4897,изымать,1
4898,причины,1
4899,следствия,1
4900,Элементом,1
4901,заинтересованного,1
4902,известной,1
4903,является,1
4904,предлагаемое,1
4905,вам,1
4906,какова,1
4907,ваша,1
4908,сверхзадача,1
4909,пробуждают,1
4910,следуя,1
4911,завету,1
4912,Сергеевича,1
4913,чувства,1
4914,добрые,1
4915,применять,1
4916,высокие,1
4917,делаю,1
4918,приземленный,1
4919,прагматичный,1
4920,претендующий,1
4921,лавры,1
4922,Толстого,1
4923,книжной,1
4924,ярмарке,1
4925,Франкфурте,1
4926,спросили,1
4927,Какое,1
4928,духовное,1
4929,послание,1
4930,адресуете,1
4931,миллионам,1
4932,веселым,1
4933,раздражением,1
4934,ответили,1
4935,добавил,1
4936,Достоевским,1
4937,достали,1
4938,Продолжу,1
4939,Судя,1
4940,достигаются,1
4941,читательница,1
4942,помогли,1
4943,наладить,1
4944,отчимом,1
4945,друзьями,1
4946,родителями,1
4947,заложенные,1
4948,выстраивать,1
4949,прочитаны,1
4950,поняты,1
4951,Каждую,1
4952,рассказать,1
4953,хитроумном,1
4954,преступлении,1
4955,ловко,1
4956,виртуозно,1
4957,сыщики,1
4958,раскрывают,1
4959,основа,1
4960,попытка,1
4961,этическую,1
4962,конфликт,1
4963,осмыслить,1
4964,сверхзадачей,1
4965,читателями,1
4966,месть,1
4967,толк,1
4968,прок,1
4969,остросюжетной,1
4970,повести,1
4971,пытаюсь,1
4972,зову,1
4973,смертны,1
4974,можем,1
4975,след,1
4976,собираемся,1
4977,Книга,1
4978,Пастернак,1
4979,кубический,1
4980,кусок,1
4981,горячей,1
4982,дымящейся,1
4983,совести,1
4984,серьезная,1
4985,повесть,1
4986,Всегда,1
4987,выходцы,1
4988,отстали,1
4989,тамошней,1
4990,зависит,1
4991,данной,1
4992,конкретной,1
4993,увидеть,1
4994,Приведу,1
4995,примера,1
4996,Испания,1
4997,Германия,1
4998,Франция,1
4999,расхожее,1
5000,мнение,1
5001,немцы,1
5002,моим,1
5003,книгам,1
5004,Смотри,1
5005,учебник,1
5006,поэтому,1
5007,непонимание,1
5008,означает,1
5009,описанного,1
5010,зрения,1
5011,познания,1
5012,позиций,1
5013,изучения,1
5014,менталитета,1
5015,Французы,1
5016,детали,1
5017,Скажем,1
5018,французским,1
5019,журналистом,1
5020,потрясен,1
5021,дают,1
5022,рекламные,1
5023,Отрезвляю,1
5024,выезжаю,1
5025,дом,1
5026,испанцев,1
5027,интересуют,1
5028,тонкие,1
5029,психологические,1
5030,нюансы,1
5031,трогает,1
5032,быт,1
5033,Опыт,1
5034,общения,1
5035,испанскими,1
5036,журналистами,1
5037,волнует,1
5038,нашей,1
5039,некая,1
5040,психологически,1
5041,тяжелой,1
5042,успокаивая,1
5043,применяет,1
5044,продвинутый,1
5045,метод,1
5046,спрашивают,1
5047,писательница,1
5048,методе,1
5049,Интересный,1
5050,расклад,1
5051,интересов,1
5052,Тоже,1
5053,новизну,1
5054,какую,1
5055,приметы,1
5056,знают,1
5057,принесли,1
5058,привычные,1
5059,объяснимые,1
5060,поступки,1
5061,душе,1
5062,возникает,1
5063,естественное,1
5064,сталкивается,1
5065,знакомым,1
5066,читателе,1
5067,Каковы,1
5068,моральные,1
5069,устои,1
5070,профессии,1
5071,думает,1
5072,фактологическая,1
5073,сторона,1
5074,разных,1
5075,оттенков,1
5076,выбирает,1
5077,отвергает,1
5078,остальные,1
5079,виды,1
5080,интереснее,1
5081,движение,1
5082,души,1
5083,выйти,1
5084,трудной,1
5085,успокоить,1
5086,войти,1
5087,профессионального,1
5088,среза,1
5089,школьники,1
5090,академики,1
5091,дворники,1
5092,девятилетнего,1
5093,мальчика,1
5094,читает,1
5095,любимой,1
5096,писательницей,1
5097,представить,1
5098,читателях,1
5099,преступивших,1
5100,закон,1
5101,парящихся,1
5102,тянущих,1
5103,срок,1
5104,выходят,1
5105,мест,1
5106,лишения,1
5107,Послания,1
5108,состоят,1
5109,воздается,1
5110,преувеличенная,1
5111,хвала,1
5112,моему,1
5113,таланту,1
5114,части,1
5115,суть,1
5116,просьба,1
5117,помиловании,1
5118,подобное,1
5119,делами,1
5120,переправляю,1
5121,написали,1
5122,Генпрокуратуру,1
5123,Верховный,1
5124,далее,1
5125,думают,1
5126,дворе,1
5127,советская,1
5128,величина,1
5129,носят,1
5130,дверь,1
5131,открывает,1
5132,ногой,1
5133,телефона,1
5134,прийти,1
5135,телефонный,1
5136,узел,1
5137,Здравствуйте,1
5138,поставьте,1
5139,телефон,1
5140,поставит,1
5141,Писателю,1
5142,хвалили,1
5143,умный,1
5144,доброжелательный,1
5145,полезный,1
5146,счастью,1
5147,единственный,1
5148,чьему,1
5149,мнению,1
5150,прислушиваюсь,1
5151,читая,1
5152,тексты,1
5153,отстраниться,1
5154,хорошего,1
5155,мама,1
5156,ближайшая,1
5157,скажут,1
5158,боясь,1
5159,расстроить,1
5160,обидеть,1
5161,Моего,1
5162,критика,1
5163,найдет,1
5164,деликатную,1
5165,критические,1
5166,сей,1
5167,Шведского,1
5168,Хенинга,1
5169,порекомендовали,1
5170,финские,1
5171,издатели,1
5172,сказали,1
5173,похожи,1
5174,спокойные,1
5175,неспешные,1
5176,подробные,1
5177,огромным,1
5178,переживаний,1
5179,главного,1
5180,которому,1
5181,сорок,1
5182,супермен,1
5183,масса,1
5184,неприятностей,1
5185,отец,1
5186,жена,1
5187,ладятся,1
5188,дочерью,1
5189,Несколько,1
5190,продаже,1
5191,Финляндии,1
5192,сделала,1
5193,книжки,1
5194,упоением,1
5195,дочитываю,1
5196,третью,1
5197,коллегу,1
5198,Акунина,1
5199,Нельзя,1
5200,подошла,1
5201,премьера,1
5202,Акунину,1
5203,Проблема,1
5204,экранизации,1
5205,весьма,1
5206,болезненна,1
5207,экранизировано,1
5208,пыталась,1
5209,искажать,1
5210,бывало,1
5211,дали,1
5212,насколько,1
5213,замечаете,1
5214,повторов,1
5215,ответах,1
5216,Повторов,1
5217,избегать,1
5218,персона,1
5219,заинтересовала,1
5220,вашего,1
5221,брата,1
5222,повторяющиеся,1
5223,давать,1
5224,разнообразные,1
5225,пяти,1
5226,оригинальных,1
5227,ответов,1
5228,озверела,1
5229,подумала,1
5230,журналисты,1
5231,готовясь,1
5232,коллегам,1
5233,предшественникам,1
5234,плагиировать,1
5235,ломать,1
5236,сто,1
5237,придумывать,1
5238,оригинальный,1
5239,банальный,1
5240,опостылевший,1
5241,Меня,1
5242,честно,1
5243,бесит,1
5244,выплескиваю,1
5245,стараюсь,1
5246,говорить,1
5247,тоне,1
5248,счел,1
5249,подготовиться,1
5250,придумать,1
5251,интересные,1
5252,придумывая,1
5253,оригинальные,1
5254,журналистах,1
5255,журналистам,1
5256,двоякое,1
5257,оставляют,1
5258,впечатление,1
5259,воспитанные,1
5260,умные,1
5261,остроумные,1
5262,читаю,1
5263,имею,1
5264,размышления,1
5265,диву,1
5266,даюсь,1
5267,безапелляционным,1
5268,заявлениям,1
5269,основанным,1
5270,неизвестно,1
5271,почерпнутой,1
5272,журналистка,1
5273,проводила,1
5274,анализ,1
5275,общего,1
5276,Агатой,1
5277,Пришла,1
5278,выводу,1
5279,хуже,1
5280,говорится,1
5281,кое,1
5282,общее,1
5283,считает,1
5284,труженица,1
5285,пера,1
5286,вторым,1
5287,браком,1
5288,вышли,1
5289,замуж,1
5290,мужчин,1
5291,моложе,1
5292,газету,1
5293,опровержение,1
5294,старше,1
5295,девушка,1
5296,раскручиванием,1
5297,пропускаю,1
5298,тусовки,1
5299,грамотная,1
5300,пиарщица,1
5301,роде,1
5302,Откуда,1
5303,бред,1
5304,красивая,1
5305,выдумка,1
5306,индивидуальный,1
5307,недостаток,1
5308,грешим,1
5309,видим,1
5310,разницы,1
5311,понятиями,1
5312,хороший,1
5313,плохой,1
5314,Человеку,1
5315,понравились,1
5316,Напиши,1
5317,понравилось,1
5318,считаю,1
5319,хорошо,1
5320,прав,1
5321,Вкусовые,1
5322,подменяют,1
5323,категоричными,1
5324,оценками,1
5325,Льва,1
5326,Александровича,1
5327,Аннинского,1
5328,мозговым,1
5329,центром,1
5330,разрабатывали,1
5331,поимки,1
5332,которыми,1
5333,пользуются,1
5334,Методики,1
5335,поимке,1
5336,разрабатывала,1
5337,другими,1
5338,вещами,1
5339,Поимка,1
5340,криминалистика,1
5341,Моя,1
5342,специальность,1
5343,криминология,1
5344,преступниках,1
5345,конкретных,1
5346,частности,1
5347,ловить,1
5348,взялись,1
5349,какими,1
5350,преступником,1
5351,анализом,1
5352,прогнозированием,1
5353,Были,1
5354,разработаны,1
5355,прогноза,1
5356,анализа,1
5357,анализы,1
5358,проводились,1
5359,некоторых,1
5360,сотрудников,1
5361,слышала,1
5362,нескромность,1
5363,строчки,1
5364,цитировали,1
5365,Юрий,1
5366,Олеша,1
5367,древних,1
5368,окунаете,1
5369,перо,1
5370,чернильницу,1
5371,возите,1
5372,мышкой,1
5373,коврику,1
5374,нормальный,1
5375,знаешь,1
5376,вчера,1
5377,огромное,1
5378,страниц,1
5379,закончила,1
5380,поняла,1
5381,понимаю,1
5382,логики,1
5383,длиться,1
5384,полчаса,1
5385,перескакивать,1
5386,часть,1
5387,напишу,1
5388,мол,1
5389,предпоследнюю,1
5390,главу,1
5391,вернусь,1
5392,середине,1
5393,последовательно,1
5394,эпизода,1
5395,сидеть,1
5396,тупо,1
5397,компьютером,1
5398,вопреки,1
5399,попробовать,1
5400,другом,1
5401,хохотала,1
5402,комедии,1
5403,недетективный,1
5404,типа,1
5405,семейной,1
5406,саги,1
5407,экспериментатор,1
5408,хотеться,1
5409,натуре,1
5410,авантюрный,1
5411,рискового,1
5412,склада,1
5413,озаряет,1
5414,Никому,1
5415,Спрошу,1
5416,хочу,1
5417,употреблять,1
5418,снижается,1
5419,снижаться,1
5420,Для,1
5421,никаких,1
5422,оснований,1
5423,Слава,1
5424,Богу,1
5425,перестала,1
5426,расти,1
5427,росла,1
5428,годах,1
5429,Преступность,1
5430,откликнулась,1
5431,резкие,1
5432,социальные,1
5433,сдвиги,1
5434,полезла,1
5435,вверх,1
5436,стабилизировалась,1
5437,падать,1
5438,имеете,1
5439,снизилась,1
5440,процентов,1
5441,назвать,1
5442,тысячу,1
5443,причин,1
5444,статистике,1
5445,сокращается,1
5446,основная,1
5447,знаете,1
5448,регистрировать,1
5449,иное,1
5450,вторая,1
5451,увеличилось,1
5452,патрулирующих,1
5453,улицы,1
5454,тысячи,1
5455,третья,1
5456,изменяется,1
5457,законодательство,1
5458,составы,1
5459,минувшем,1
5460,попадали,1
5461,статистику,1
5462,текущем,1
5463,преступлениями,1
5464,являются,1
5465,Помните,1
5466,карающая,1
5467,тунеядство,1
5468,строке,1
5469,Была,1
5470,гомосексуализма,1
5471,друзья,1
5472,Любите,1
5473,знаменитых,1
5474,тусуюсь,1
5475,домашний,1
5476,Веду,1
5477,замкнутый,1
5478,образ,1
5479,встаю,1
5480,утра,1
5481,ложусь,1
5482,вечера,1
5483,Каждое,1
5484,утро,1
5485,приезжаю,1
5486,офис,1
5487,усаживаюсь,1
5488,еду,1
5489,общаюсь,1
5490,семьей,1
5491,сестры,1
5492,пятнадцати,1
5493,минутах,1
5494,ходьбы,1
5495,дружны,1
5496,общались,1
5497,собеседник,1
5498,консультант,1
5499,бывший,1
5500,начальник,1
5501,работе,1
5502,встретимся,1
5503,недалеком,1
5504,будущем,1
5505,Комментарии,1
5506,Дата,1
5507,Воскресение,1
5508,мая,1
5509,Редактировать,1
5510,Комментарий,1
5511,Сохранить,1
5512,АДВОКАТЫ,1
5513,МЕДИЦИНА,1
5514,ЗДОРОВЬЕ,1
5515,ПЕРЕВОДЫ,1
5516,НОТАРИУС,1
5517,ПАРАЛИГАЛ,1
5518,ПЕРЕВОЗКИ,1
5519,ДОМЕ,1
5520,УСТАНОВКА,1
5521,ЭЛЕКТРОНИКИ,1
5522,ЧАСТНЫЕ,1
5523,УРОКИ,1
5524,АВТОШКОЛЫ,1
5525,ТУР,1
5526,АГЕНТСТВА,1
5527,ОТДЫХА,1
5528,САЛОНЫ,1
5529,КРАСОТЫ,1
5530,ПОСЫЛОЧНЫЙ,1
5531,ПОХОРОННЫЙ,1
5532,КОМНАТЫ,1
5533,КВАРТИРЫ,1
5534,БИЗНЕС,1
5535,РАЗНОЕ,1
5536,УХОД,1
5537,УБОРКА,1
5538,АВТОМОБИЛИ,1
5539,Полный,1
5540,рубрик,1
5541,Новостная,1
5542,лента,1
5543,Плавающие,1
5544,боны,1
5545,проблему,1
5546,водорослей,1
5547,частично,1
5548,легализует,1
5549,ставки,1
5550,Куомо,1
5551,обещает,1
5552,озере,1
5553,Онтарио,1
5554,рассылают,1
5555,бумажные,1
5556,Мегаполисы,1
5557,обошли,1
5558,глубинку,1
5559,количеству,1
5560,передозировок,1
5561,установила,1
5562,рекорд,1
5563,нападению,1
5564,акул,1
5565,Хэмилтон,1
5566,приближается,1
5567,Пауло,1
5568,хочет,1
5569,Сезон,1
5570,Горожан,1
5571,НБА,1
5572,Нетленка,1
5573,Авторы,1
5574,Вконтакте,1
5575,Запрещается,1
5576,использовать,1
5577,Русского,1
5578,базара,1
5579,порталах,1
5580,письменного,1
5581,разрешение,1
5582,получено,1
5583,указать,1
5584,активную,1
5585,ссылку,1
5586,оригинал,1
