word,count
Однако,12
что,7
Новости,6
Поиск,6
сайту,6
Как,6
сайта,6
чтобы,6
новости,6
России,5
мира,5
голосов,5
Вам,5
необходимо,5
включить,5
проголосовать,5
Авто,4
отвечает,4
стандарт,4
Страница,3
найдена,3
Рейтинг,3
Недвижимость,3
Туризм,3
Техно,3
Общество,3
Спорт,3
Здоровье,3
Красота,3
Досуг,3
Что,3
для,3
информация,3
Лучшие,3
Лента,2
Все,2
статьи,2
Финансы,2
Главное,2
Лечение,2
наркомании,2
Современная,2
практика,2
Аренда,2
квартиры,2
насущный,2
вопрос,2
работают,2
тайные,2
покупатели,2
провалить,2
собеседование,2
ждет,2
рубль,2
следующей,2
неделе,2
Нефть,2
налоги,2
Саммит,2
США,2
Спецслужбы,2
вмешивались,2
выборы,2
Обамы,2
Президент,2
Трамп,2
первое,2
честное,2
казино,2
блокчейн,2
незаконных,2
способов,2
сбора,2
контактных,2
данных,2
клиентов,2
Чемпионат,2
футболу,2
это,2
который,2
Деньги,2
новые,2
Последние,2
досуга,2
том,2
числе,2
события,2
Полезные,2
советы,2
аналитика,2
жизни,2
современных,2
Покупка,2
транспортных,2
билетов,2
интернет,2
Инструкция,2
замене,2
тормозного,2
вакуумного,2
насоса,2
чем,2
успех,2
премиальных,2
аккумуляторов,2
рейтинге,2
публикации,2
Куда,2
инвестируют,2
богатые,2
люди,2
Автодозвон,2
почему,2
данная,2
услуга,2
пользуется,2
повышенным,2
спросом,2
Текущая,2
ситуация,2
рынке,2
криптовалют,2
получить,2
кредит,2
выходя,2
дома,2
или,2
Загрузка,2
комментариев,1
Контакты,1
редакции,1
день,1
Ошибка,1
Дорогой,1
посетитель,1
попали,1
страницу,1
значит,1
ссылка,1
пришли,1
неправильная,1
либо,1
документ,1
раньше,1
открывался,1
этой,1
ссылке,1
перемещен,1
другой,1
раздел,1
спешите,1
уходить,1
искали,1
сих,1
пор,1
здесь,1
Используйте,1
поиск,1
отыскать,1
категории,1
обзоры,1
тест,1
драйвы,1
новых,1
автомобилей,1
все,1
касается,1
Бизнес,1
инвестиции,1
идеи,1
бизнеса,1
Финансовые,1
развлечений,1
отдыха,1
игр,1
Полная,1
отдыхе,1
каждого,1
музыки,1
фильмов,1
сериалов,1
приятного,1
которые,1
касаются,1
темы,1
Здоровья,1
ухода,1
собой,1
полезных,1
процедур,1
традиционной,1
нетрадиционной,1
медицины,1
Статьи,1
про,1
женскую,1
мужскую,1
красоту,1
способы,1
стать,1
лучше,1
привлекательнее,1
Советы,1
выбору,1
одежды,1
косметики,1
других,1
аксессуаров,1
моды,1
сферы,1
строительства,1
недвижимости,1
ремонта,1
Акции,1
компаний,1
жилые,1
районы,1
ремонту,1
обустройству,1
жилья,1
Политические,1
всего,1
Мира,1
Актуальная,1
событий,1
общественной,1
отдых,1
семья,1
здоровье,1
спортивной,1
Главные,1
мире,1
спорта,1
предстоящих,1
мероприятий,1
Строительство,1
Обзор,1
технологий,1
разработки,1
области,1
мобильного,1
рынка,1
бытовой,1
компьютерной,1
техники,1
медиа,1
продукции,1
туризма,1
Мире,1
странах,1
СНГ,1
отели,1
популярные,1
туры,1
выгодные,1
направления,1
Свежие,1
записи,1
История,1
становления,1
особенности,1
работы,1
производителей,1
пива,1
Таможенный,1
представитель,1
права,1
обязанности,1
Стиль,1
кэжуал,1
как,1
сочетать,1
одежду,1
Инвестиции,1
акции,1
Вклады,1
населения,1
ПИФы,1
Форекс,1
выгоднее,1
Сейчас,1
обсуждают,1
Подписка,1
наш,1
канал,1
меню,1
Вся,1
СМИ,1
Портале,1
предоставлена,1
ознакомительных,1
информационных,1
целях,1
Любое,1
копирование,1
частей,1
текстов,1
изображений,1
публикация,1
перепечатка,1
любое,1
другое,1
распространение,1
информации,1
строго,1
запрещается,1
без,1
активной,1
ссылки,1
источник,1
Войти,1
Тема,1
техподдержка,1
Наверх,1
началу,1
будущее,1
прошлое,1
Аноним,1
